COMP_TYPE,BRAND_NAME,PACK_NAME,PRD_CD,PRD_DESC1,CONV_FACTOR,MRP_UN,RP,DEALER_MARGIN,Textbox51,RP1
BEV,7 UP,1.25L,1379,7 UP 1.25 L PET 12 Rs65,12,65.00,60.0000,8.33,0.00,60.0000
BEV,7 UP,1.25L,1894,7 UP 1.25 L PET 15 Rs50 PROMO,15,50.00,46.6667,7.14,0.00,46.6667
BEV,7 UP,1.25L,2274,7 UP 1.25 L PET 12 Rs50,12,50.00,45.0000,11.11,0.00,45.0000
BEV,7 UP,1.25L,2282,7 UP 1.25 L PET 12 Rs52,12,52.00,47.5000,9.47,0.00,47.5000
BEV,7 UP,1.25L,2288,7 UP 1.25 L PET 12 Rs50 PROMO,12,50.00,45.8333,9.09,0.00,45.8333
BEV,7 UP,1.25L,2918,7 UP 1.25 L PET 12 Rs55,12,55.00,50.0000,10.00,0.00,50.0000
BEV,7 UP,1.25L,2947,7 UP 1.25 L PET 12 Rs49,12,49.00,45.0000,8.89,0.00,45.0000
BEV,7 UP,1.25L,2977,7 UP 1.25 L PET 12 Rs60,12,60.00,55.0000,9.09,0.00,55.0000
BEV,7 UP,1.25L,2989,7 UP 1.25 L PET 12 Rs60 PROMO,12,60.00,55.0000,9.09,0.00,55.0000
BEV,7 UP,1.25L,3190,7 UP 1.25 L PET 12 Rs58,12,58.00,53.0000,9.43,0.00,53.0000
BEV,7 UP,1.25L,4131,7 UP 1.25 L PET 15 Rs60,15,60.00,56.0000,7.14,0.00,56.0000
BEV,7 UP,1.25L,4142,7 UP 1.25 L PET 12 Rs65 PR-ATL,12,65.00,60.0000,8.33,0.00,60.0000
BEV,7 UP,1.25L,4257,7 UP 1.25 L PET 15 Rs50,15,50.00,46.0000,8.70,0.00,46.0000
BEV,7 UP,1.25L,4399,7 UP 1.25 L PET 12 Rs60 PR-ATL,12,60.00,55.0000,9.09,0.00,55.0000
BEV,7 UP,1.5L,1376,7 UP 1.5 L PET 12 Rs 65,12,65.00,60.0000,8.33,0.00,60.0000
BEV,7 UP,1.5L,1378,7 UP 1.5 L PET 12 Rs 68,12,68.00,63.0000,7.94,0.00,63.0000
BEV,7 UP,1.5L,1387,7 UP 1.5 L PET 12 Rs 75,12,75.00,70.0000,7.14,0.00,70.0000
BEV,7 UP,10L,3007,7 UP 10 L BIB,1,3000.00,2400.0000,25.00,0.00,2400.0000
BEV,7 UP,150ml,3585,7 UP 150ml CAN 24 Rs20,24,20.00,17.5000,14.29,0.00,17.5000
BEV,7 UP,180ml,4787,7UP 180ml CAN 30 Rs30 (ZERO),30,30.00,28.0000,7.14,0.00,28.0000
BEV,7 UP,1L,2211,7 UP 1.0 L PET 12 Rs35,12,35.00,32.0833,9.09,0.00,32.0833
BEV,7 UP,1L,2237,7 UP 1.0 L PET 12 RS40,12,40.00,37.1667,7.62,0.00,37.1667
BEV,7 UP,1L,2258,7 UP 1.0 L PET 12 Rs45,12,45.00,41.6667,8.00,0.00,41.6667
BEV,7 UP,1L,2295,7UP 1.25L 12 PET RS 52 (AF FREE),12,52.00,47.5000,9.47,0.00,47.5000
BEV,7 UP,1L,2297,7 UP 1.0 L PET 12 Rs47,12,47.00,43.0000,9.30,0.00,43.0000
BEV,7 UP,1L,2930,7 UP 1.0 L PET 12 Rs50,12,50.00,45.8333,9.09,0.00,45.8333
BEV,7 UP,1L,2966,7 UP 1.0 L PET 12 Rs49,12,49.00,45.0000,8.89,0.00,45.0000
BEV,7 UP,2.25L,2535,7 UP 2.25 L PET 9 Rs70,9,70.00,64.4444,8.62,0.00,64.4444
BEV,7 UP,2.25L,2548,7 UP 2.25 L PET 9 Rs75,9,75.00,62.0000,20.97,0.00,62.0000
BEV,7 UP,2.25L,2557,7 UP 2.25 L PET 9 Rs78,9,78.00,65.0000,20.00,0.00,65.0000
BEV,7 UP,2.25L,2574,7 UP 2.25 L PET 9 Rs80,9,80.00,74.0000,8.11,0.00,74.0000
BEV,7 UP,2.25L,2588,7 UP 2.25 L PET 9 Rs80 (SODA),9,80.00,74.4444,7.46,0.00,74.4444
BEV,7 UP,2.25L,3178,7 UP 2.25 L PET 9 Rs90,9,90.00,83.3333,8.00,0.00,83.3333
BEV,7 UP,2.25L,3185,7 UP 2.25 L PET 9 Rs90(A/F FREE),9,90.00,83.3333,8.00,0.00,83.3333
BEV,7 UP,2.25L,3956,7 UP 2.25 L PET 9 Rs85,9,85.00,78.3334,8.51,0.00,78.3334
BEV,7 UP,2.25L,3980,7 up 2.25 L PET 9 Rs85 Promo,9,85.00,73.8889,15.04,0.00,73.8889
BEV,7 UP,2.25L,4296,7 UP 2.25 L PET 9 RS99 PR- ATL,9,99.00,93.4444,5.95,0.00,93.4444
BEV,7 UP,2.25L,4352,7 UP 2.25 L PET 9 RS99,9,99.00,93.4444,5.95,0.00,93.4444
BEV,7 UP,2.25L,4453,7 UP 2.25 L PET 9 RS90 PROMO,9,90.00,83.3333,8.00,0.00,83.3333
BEV,7 UP,2.25L,4527,7 UP 2.25 L PET 9 RS95,9,95.00,88.3333,7.55,0.00,88.3333
BEV,7 UP,2.25L,4757,7 UP 2.25 L PET 9 RS95 PROMO,9,95.00,88.3333,7.55,0.00,88.3333
BEV,7 UP,200ML,1008,7 UP 200ml RGP 24 Rs10,24,10.00,9.0000,11.11,0.00,9.0000
BEV,7 UP,200ML,1030,7 UP 200ML RGP 24 RS10 UTC,24,10.00,9.0000,11.11,0.00,9.0000
BEV,7 UP,200ML,1044,7 UP 200ml RGP 24 Rs12,24,12.00,11.0000,9.09,0.00,11.0000
BEV,7 UP,200ML,1097,7 UP REVIVE 200ml RGP 24 Rs14,24,14.00,12.2500,14.29,0.00,12.2500
BEV,7 UP,200ML,1112,7 UP 200ml RGP 24 Rs15,24,15.00,13.6667,9.76,0.00,13.6667
BEV,7 UP,200ML,4211,7 UP 200ml RGP 24 Rs13,24,13.00,8.5417,52.20,0.00,8.5417
BEV,7 UP,200ML,4216,7 UP 200ml RGP 24 Rs14,24,14.00,12.2083,14.68,0.00,12.2083
BEV,7 UP,250ml,1453,7 UP 250ml CAN 24 Rs20,24,20.00,18.3333,9.09,0.00,18.3333
BEV,7 UP,250ml,1466,7 UP 250ml PET 24 Rs15,24,15.00,12.9167,16.13,0.00,12.9167
BEV,7 UP,250ml,1478,7 UP 250ml CAN 24 Rs25,24,25.00,22.0833,13.21,0.00,22.0833
BEV,7 UP,250ml,1876,7 UP 250ml PET 24 Rs20,24,20.00,20.0000,0.00,0.00,20.0000
BEV,7 UP,250ml,1902,7 UP 250ml PET 24 Rs18,24,18.00,15.9167,13.09,0.00,15.9167
BEV,7 UP,250ml,1961,7 UP 250ml PET 30 Rs20,30,20.00,18.0000,11.11,0.00,18.0000
BEV,7 UP,250ml,1967,7 UP 250ml PET 30 Rs18,30,18.00,16.1667,11.34,0.00,16.1667
BEV,7 UP,250ml,3507,7 UP 250ml CAN 24 Rs22,24,22.00,20.5000,7.32,0.00,20.5000
BEV,7 UP,250ml,3513,7 UP 250ml CAN 24 Rs30,24,30.00,27.5000,9.09,0.00,27.5000
BEV,7 UP,250ml,3575,7UP 250ml CAN 24 SW Rs25,24,25.00,22.5000,11.11,0.00,22.5000
BEV,7 UP,250ml,3591,7UP  250ml CAN 24 Rs35,24,35.00,32.5000,7.69,0.00,32.5000
BEV,7 UP,250ml,4093,7 UP 250ML CAN 4X6 RS175,24,29.17,26.6700,9.37,0.00,26.6700
BEV,7 UP,250ml,4134,7 UP 250ML PET 30 RS18 PR-ATL,30,18.00,17.1667,4.85,0.00,17.1667
BEV,7 UP,250ml,4181,7 UP 250ml PET 30 Rs20 HB,30,20.00,18.0002,11.11,0.00,18.0002
BEV,7 UP,250ml,4276,7 UP 250ml PET 30 Rs20 PR- ATL,30,20.00,18.0000,11.11,0.00,18.0000
BEV,7 UP,250ml,4983,7 Up 250 ml CAN 4X6 Rs99,6,99.00,90.0000,10.00,0.00,90.0000
BEV,7 UP,2L,2499,7 UP 2.0 L PET 9 Rs65,9,65.00,60.5556,7.34,0.00,60.5556
BEV,7 UP,2L,2724,LEMONY BITE 2.0 L PET 9 Rs59,9,59.00,55.6667,5.99,0.00,55.6667
BEV,7 UP,2L,2727,7 UP 2.0 L PET 9 Rs59,9,59.00,55.6667,5.99,0.00,55.6667
BEV,7 UP,2L,2760,7 UP 2.0 L PET 9 Rs59 PROMO,9,59.00,55.6667,5.99,0.00,55.6667
BEV,7 UP,2L,4437,7 UP 2.0 L PET 9 RS90,9,90.00,82.5000,9.09,0.00,82.5000
BEV,7 UP,300ML,1114,7 UP 300ml RGP 24 Rs25,24,25.00,16.6667,50.00,0.00,16.6667
BEV,7 UP,300ML,1228,7 UP 300ml RGP 24 Rs14,24,14.00,13.0000,7.69,0.00,13.0000
BEV,7 UP,300ML,1252,7 UP 300ml RGP 24 Rs15,24,15.00,12.5000,20.00,0.00,12.5000
BEV,7 UP,300ML,1264,7 UP 300ml RGP 24 Rs16,24,16.00,13.0417,22.68,0.00,13.0417
BEV,7 UP,300ML,1282,7 UP 300ml RGP 24 Rs18,24,18.00,15.5000,16.13,0.00,15.5000
BEV,7 UP,300ML,1540,7 UP 300ml RGP 24 Rs20,24,20.00,19.2511,3.89,0.00,19.2511
BEV,7 UP,300ML,1940,7UP 300ML PET 30 RS20,30,20.00,18.0000,11.11,0.00,18.0000
BEV,7 UP,300ML,4255,7 UP 300ml CAN 24 Rs30,24,30.00,25.8331,16.13,0.00,25.8331
BEV,7 UP,300ML,4739,7 UP 300ml CAN 24 Rs60,24,60.00,36.0000,66.67,0.00,36.0000
BEV,7 UP,330ml,1907,7UP 330ML PET 24 RS20,24,20.00,17.9167,11.63,0.00,17.9167
BEV,7 UP,330ml,1975,7UP 330ML PET 30 RS20 PROMO,30,20.00,16.3333,22.45,0.00,16.3333
BEV,7 UP,330ml,3398,7 UP REVIVE 330ML PET 24 RS25,24,25.00,22.9167,9.09,0.00,22.9167
BEV,7 UP,330ml,4103,7 UP REVIVE 330ML PET 24 RS20,24,20.00,17.9167,11.63,0.00,17.9167
BEV,7 UP,330ml,7141,7 UP 330ml CAN 24 Rs60,24,60.00,36.0000,66.67,0.00,36.0000
BEV,7 UP,400ml,3120,7 UP 400ml PET 24 Rs20,24,20.00,17.9167,11.63,0.00,17.9167
BEV,7 UP,400ml,3129,7 UP 400ml PET 24 Rs25,24,25.00,22.5000,11.11,0.00,22.5000
BEV,7 UP,400ml,4221,7 UP 400ml PET 24 Rs28,24,28.00,26.0000,7.69,0.00,26.0000
BEV,7 UP,475ml,1884,7 UP 475ML PET 24 RS30,24,30.00,27.9167,7.46,0.00,27.9167
BEV,7 UP,475ml,4172,7 UP 475ML PET 24 RS60,24,60.00,36.0000,66.67,0.00,36.0000
BEV,7 UP,500ML,1872,7 UP 500ML PET 24 RS60,24,60.00,36.0000,66.67,0.00,36.0000
BEV,7 UP,500ML,3139,7 UP REVIVE 500ML PET 24 RS35,24,35.00,32.5000,7.69,0.00,32.5000
BEV,7 UP,500ML,3140,7 UP REVIVE 500ML PET 24 RS32,24,32.00,29.5000,8.47,0.00,29.5000
BEV,7 UP,500ML,3198,7 UP REVIVE 500ML PET 24 RS60,24,60.00,52.6200,14.03,0.00,52.6200
BEV,7 UP,500ML,4184,7 UP 500ML PET 24 RS60 HB,24,60.00,30.0000,100.00,0.00,30.0000
BEV,7 UP,500ML,4339,7 UP 500ml PET 24 Rs30,24,30.00,25.8333,16.13,0.00,25.8333
BEV,7 UP,5L,3003,7 UP 5 L BIB,1,1500.00,1200.0000,25.00,0.00,1200.0000
BEV,7 UP,600ml,1890,7 UP 600ml PET 30 Rs30 PROMO,30,30.00,28.3333,5.88,0.00,28.3333
BEV,7 UP,600ml,2023,7 UP 600ml PET 24 Rs30,24,30.00,27.5000,9.09,0.00,27.5000
BEV,7 UP,600ml,2057,7 UP 600ml PET 24 Rs25,24,25.00,23.3333,7.14,0.00,23.3333
BEV,7 UP,600ml,2063,7 UP 600ml PET 24 Rs27,24,27.00,25.0000,8.00,0.00,25.0000
BEV,7 UP,600ml,2083,7 UP 600ml PET 24 Rs29,24,29.00,27.2500,6.42,0.00,27.2500
BEV,7 UP,600ml,2088,7 UP 600ml PET 24 Rs35,24,35.00,32.5000,7.69,0.00,32.5000
BEV,7 UP,600ml,2333,7 UP 600ml PET 24 Rs32,24,32.00,29.5000,8.47,0.00,29.5000
BEV,7 UP,600ml,2365,7 UP 600ml PET 24 Rs30 PROMO,24,30.00,27.5000,9.09,0.00,27.5000
BEV,7 UP,600ml,3105,7 UP 600ml PET 24 Rs45,24,45.00,45.0000,0.00,0.00,45.0000
BEV,7 UP,600ml,3128,7 UP 600ml PET 24 Rs35 PROMO,24,35.00,32.5000,7.69,0.00,32.5000
BEV,7 UP,600ml,4281,7UP 600ML PET 24 RS38 PR- ATL,24,38.00,35.5000,7.04,0.00,35.5000
BEV,7 UP,600ml,4512,7 UP 600ML PET 24 RS37,24,37.00,34.5000,7.25,0.00,34.5000
BEV,7 UP,600ml,4780,7 UP 600ml PET 24 Rs30 (Zero),24,30.00,27.5000,9.09,0.00,27.5000
BEV,7 UP,600ml,4966,7 UP 600ML PET 24 RS38,24,38.00,35.5000,7.04,0.00,35.5000
BEV,7 UP,750ml,3114,7 UP 750ml PET 24 Rs38,24,38.00,35.5007,7.04,0.00,35.5007
BEV,7 UP,750ml,3124,7 UP 750ml PET 24 Rs35,24,35.00,33.5000,4.48,0.00,33.5000
BEV,7 UP,750ml,4285,7 UP 750ml PET 24 Rs40  PR- ATL,24,40.00,37.5000,6.67,0.00,37.5000
BEV,7 UP,750ml,4934,7 UP 750ml PET 24 Rs39,24,39.00,36.2500,7.59,0.00,36.2500
BEV,7 UP,750ml,4935,7 UP 750ml PET 24 Rs39 PROMO,24,39.00,36.2500,7.59,0.00,36.2500
BEV,7 UP,750ml,4949,7UP 750ml PET MRP Rs40,24,40.00,37.5000,6.67,0.00,37.5000
BEV,7 UP,750ml,4953,7 UP 750ML PET 24 RS40,24,40.00,40.0000,0.00,0.00,40.0000
BEV,7 UP,750ml,4957,7 UP 750ml PET 24 Rs38 Promo,24,38.00,35.5007,7.04,0.00,35.5007
BEV,7 UP,750ml,4959,7 UP 750ml PET 24 Rs40 PROMO,24,40.00,37.5000,6.67,0.00,37.5000
BEV,Aquafina,1L,2802,AQUAFINA 1.0 L PET 12 Rs12,12,12.00,12.0000,0.00,0.00,12.0000
BEV,Aquafina,1L,2806,AQUAFINA 1.0 L PET 12 Rs30,12,30.00,15.0000,100.00,0.00,15.0000
BEV,Aquafina,1L,2810,AQUAFINA 1.0 L PET 13 Rs130 Combi,12,833.33,730.8332,14.03,0.00,730.8332
BEV,Aquafina,1L,2812,AQUAFINA 1.0 L PET 12 Rs15,12,15.00,10.0000,50.00,0.00,10.0000
BEV,Aquafina,1L,2827,AQUAFINA 1.0 L PET 12 Rs50,12,50.00,41.6667,20.00,0.00,41.6667
BEV,Aquafina,1L,2829,AQUAFINA 1.0 L PET 12 Rs18,12,18.00,12.0833,48.97,0.00,12.0833
BEV,Aquafina,1L,2845,AQUAFINA 1.0 L PET 15 Rs20,15,20.00,12.8000,56.25,0.00,12.8000
BEV,Aquafina,1L,2846,AQUAFINA 1.0 L PET 12 Rs20,12,20.00,13.0000,53.85,0.00,13.0000
BEV,Aquafina,1L,2896,AQUAFINA 1.0 L PET 12 Rs19,12,19.00,13.0000,46.15,0.00,13.0000
BEV,Aquafina,1L,2897,AQUAFINA 1.0 L PET 15 Rs19,15,19.00,13.0000,46.15,0.00,13.0000
BEV,Aquafina,1L,2899,AQUAVESS 1.0 L PET 12 Rs50,12,50.00,33.3333,50.00,0.00,33.3333
BEV,Aquafina,1L,4748,AQUAFINA 1.0 L PET 12 Rs20 (NEW),12,20.00,13.0000,53.85,0.00,13.0000
BEV,Aquafina,1L,4749,AQUAFINA 1.0 L PET 15 Rs20 (NEW),15,20.00,13.3333,50.00,0.00,13.3333
BEV,Aquafina,1L,7177,AQUAVESS 1.0 L PET 15 Rs50,15,50.00,25.0000,100.00,0.00,25.0000
BEV,Aquafina,1L,7281,AQUAFINA 1.0 L PET 15 Rs15,15,15.00,10.0000,50.00,0.00,10.0000
BEV,Aquafina,250ml,4232,AQUAFINA 250ml PET 30 Rs6,30,6.00,5.0000,20.00,0.00,5.0000
BEV,Aquafina,250ml,4233,AQUAFINA 250ml PET 48 Rs6,48,6.00,5.0000,20.00,0.00,5.0000
BEV,Aquafina,250ml,4236,AQUAFINA 250ml PET 30 Rs7,30,7.00,5.3333,31.25,0.00,5.3333
BEV,Aquafina,250ml,4239,AQUAFINA 250ml PET 36 Rs7,36,7.00,5.3333,31.25,0.00,5.3333
BEV,Aquafina,2L,2826,AQUAFINA 2.0 L PET 9 Rs25,9,25.00,15.1042,65.52,0.00,15.1042
BEV,Aquafina,2L,2880,AQUAFINA 2.0 L PET 9 RS40,9,40.00,27.7778,44.00,0.00,27.7778
BEV,Aquafina,2L,4710,AQUAFINA 2.0 L PET 9 Rs 35,9,35.00,27.7778,26.00,0.00,27.7778
BEV,Aquafina,2L,7293,AQUAFINA 2.0 L PET 9 Rs37,9,37.00,30.3333,21.98,0.00,30.3333
BEV,Aquafina,500ML,2813,AQUAFINA 500ml PET 24 Rs10,24,10.00,7.9167,26.32,0.00,7.9167
BEV,Aquafina,500ML,2856,AQUAFINA 500ml PET 24 Rs30,24,30.00,15.0000,100.00,0.00,15.0000
BEV,Aquafina,500ML,4711,AQUAFINA 500ml PET 30 Rs10,30,10.00,7.7333,29.31,0.00,7.7333
BEV,Aquafina,500ML,4713,AQUAVESS 500ml PET 30 Rs30,30,30.00,15.0000,100.00,0.00,15.0000
BEV,Aquafina,500ML,7126,AQUAVESS 500ml PET 24 Rs30,24,30.00,18.0000,66.67,0.00,18.0000
BEV,Chaach,125ml,8615,CB TADKA CHAACH 125ML TETRA40 Rs10,40,10.00,8.5000,17.65,0.00,8.5000
BEV,Chaach,200ML,8614,CB TADKA CHAACH 200ML TETRA30 Rs15,30,15.00,12.7667,17.49,0.00,12.7667
BEV,Dukes,1.25L,4030,DUKES LEMONADE 1.25L PET 12 MRP 52,12,52.00,47.5000,9.47,0.00,47.5000
BEV,Dukes,1L,4020,DUKES SODA 1.0 L PET 12 Rs 20,12,20.00,18.3333,9.09,0.00,18.3333
BEV,Dukes,1L,4025,DUKES LEMONADE 1.0L PET 12 MRP 45,9,45.00,41.6667,8.00,0.00,41.6667
BEV,Dukes,1L,4028,DUKES SODA 1.0 L PET 12 Rs 22,12,22.00,20.0000,10.00,0.00,20.0000
BEV,Dukes,1L,4031,DUKES LEMONADE 1.0L PET 12 MRP 47,12,47.00,43.0000,9.30,0.00,43.0000
BEV,Dukes,1L,4035,DUKES SODA 1.25 L PET 12 RS 25,9,25.00,19.0000,31.58,0.00,19.0000
BEV,Dukes,1L,4154,DUKES WATER 1.0 L PET12 Rs20,12,20.00,13.0000,53.85,0.00,13.0000
BEV,Dukes,1L,4381,DUKES WATER 1.0 L PET12 Rs30,12,30.00,15.0000,100.00,0.00,15.0000
BEV,Dukes,2.25L,4022,DUKES LEMONADE 2.25L PET 9 MRP 70,9,70.00,65.0000,7.69,0.00,65.0000
BEV,Dukes,2.25L,4027,DUKES LEMONADE 2.25L PET 9 MRP 75,9,75.00,62.0000,20.97,0.00,62.0000
BEV,Dukes,2.25L,4029,DUKES LEMONADE 2.25L PET 9 MRP 78,9,78.00,65.0000,20.00,0.00,65.0000
BEV,Dukes,250ml,4017,DUKES TONIC WATER 250ML CAN 24 RS25,24,25.00,23.5000,6.38,0.00,23.5000
BEV,Dukes,2L,4021,DUKES LEMONADE 2.0L PET 9 MRP 59,9,59.00,55.6662,5.99,0.00,55.6662
BEV,Dukes,300ML,4018,DUKES SODA 300ML RGP 24 Rs8,24,8.00,7.0833,12.94,0.00,7.0833
BEV,Dukes,300ML,4036,DUKES SODA 300ML RGP 24 Rs6,24,6.00,5.5417,8.27,0.00,5.5417
BEV,Dukes,300ML,4038,DUKES SODA 300ML RGP 24 Rs10,24,10.00,8.9583,11.63,0.00,8.9583
BEV,Dukes,300ML,4039,DUKES SODA 300ML RGP 24 Rs9,24,9.00,7.5000,20.00,0.00,7.5000
BEV,Dukes,300ML,4041,DUKES LEMONADE 300ML PET 30 RS20,30,20.00,18.0000,11.11,0.00,18.0000
BEV,Dukes,300ML,4985,DUKES LEMON 300ML RGP 24 Rs20,24,20.00,17.5000,14.29,0.00,17.5000
BEV,Dukes,300ML,4999,DUKES LEMONADE 300ML RGP 24 Rs15,24,15.00,12.5000,20.00,0.00,12.5000
BEV,Dukes,600ml,4002,DUKES LEMONADE 600ML PET 24 RS25,24,25.00,23.2500,7.53,0.00,23.2500
BEV,Dukes,600ml,4004,DUKES SODA 600ML PET 24 RS.15,24,15.00,12.5000,20.00,0.00,12.5000
BEV,Dukes,600ml,4006,DUKES LEMONADE 600ML PET 24 RS27,24,27.00,25.0000,8.00,0.00,25.0000
BEV,Dukes,600ml,4014,DUKES LEMONADE 600ML PET 24 MRP 29,24,29.00,27.2500,6.42,0.00,27.2500
BEV,Dukes,600ml,4023,DUKES LEMONADE 600ML PET 24 MRP 30,24,30.00,26.2500,14.29,0.00,26.2500
BEV,Dukes,600ml,4033,DUKES LEMONADE 600ML PET 24 RS32,24,32.00,29.7500,7.56,0.00,29.7500
BEV,Dukes,600ml,4040,DUKES LEMONADE 600ML PET 24 RS35,24,35.00,32.5000,7.69,0.00,32.5000
BEV,Dukes,600ml,4978,DUKES LEMONADE 600ML PET 24 MRP 38,24,38.00,35.5000,7.04,0.00,35.5000
BEV,Dukes,750ml,4384,DUKES SODA 750ML PET 24 RS 20,24,20.00,17.5000,14.29,0.00,17.5000
BEV,Evervess,1.25L,2626,EVERVESS SODA 1.25 L PET 12 Rs25,12,25.00,22.0000,13.64,0.00,22.0000
BEV,Evervess,1L,2611,EVERVESS SODA 1.0 L PET 12 Rs20,12,20.00,18.3333,9.09,0.00,18.3333
BEV,Evervess,1L,2622,EVERVESS SODA 1.0 L PET 12 Rs25,12,25.00,22.0000,13.64,0.00,22.0000
BEV,Evervess,1L,2629,EVERVESS SODA 1.0 L PET 12 Rs22,12,22.00,20.0000,10.00,0.00,20.0000
BEV,Evervess,2.25L,2658,EVERVESS SODA 2.25 L PET 9 Rs35,9,35.00,32.0000,9.38,0.00,32.0000
BEV,Evervess,2.25L,2661,EVERVESS SODA 2.25 L PET 9 Rs40,9,40.00,33.3333,20.00,0.00,33.3333
BEV,Evervess,250ml,2659,EVERVESS SODA 250ml PET 24 Rs10,24,10.00,8.1250,23.08,0.00,8.1250
BEV,Evervess,250ml,4996,DUKES SODA 250ML PET 24 RS 12,24,12.00,10.5000,14.29,0.00,10.5000
BEV,Evervess,250ml,7150,EVERVESS SODA 250ml PET 30 Rs10,30,10.00,8.0000,25.00,0.00,8.0000
BEV,Evervess,250ml,7190,EVERVESS SODA 250ml PET 30 Rs12,30,12.00,10.0000,20.00,0.00,10.0000
BEV,Evervess,250ml,7191,EVERVESS SODA 250ml PET 24 Rs12,24,12.00,10.0000,20.00,0.00,10.0000
BEV,Evervess,250ml,7390,EVERVESS SODA 250ML CAN 24 RS25,24,25.00,22.5000,11.11,0.00,22.5000
BEV,Evervess,2L,2610,EVERVESS SODA 2.0 L PET 9 Rs30,9,30.00,28.0000,7.14,0.00,28.0000
BEV,Evervess,2L,2637,EVERVESS SODA 2.0 L PET 9 Rs35,9,35.00,32.0000,9.38,0.00,32.0000
BEV,Evervess,2L,2660,EVERVESS SODA 2.0 L PET 9 Rs40,9,40.00,33.3333,20.00,0.00,33.3333
BEV,Evervess,300ML,2600,EVERVESS SODA 300ml RGP 24 Rs6,24,6.00,5.2500,14.29,0.00,5.2500
BEV,Evervess,300ML,2615,EVERVESS SODA 300ml RGP 24 Rs8,24,8.00,6.6667,20.00,0.00,6.6667
BEV,Evervess,300ML,2623,EVERVESS SODA 300ML RGP 24 RS9,24,9.00,8.0000,12.50,0.00,8.0000
BEV,Evervess,300ML,2628,EVERVESS SODA 300ml RGP 24 Rs10,24,10.00,8.0000,25.00,0.00,8.0000
BEV,Evervess,300ML,2657,EVERVESS SODA 300ML RGP 24 RS12,24,12.00,8.5833,39.81,0.00,8.5833
BEV,Evervess,330ml,1909,EVERVESS SODA 330ml PET 24 Rs10,24,10.00,8.7500,14.29,0.00,8.7500
BEV,Evervess,600ml,2612,EVERVESS SODA 600ml PET 24 Rs15,24,15.00,13.0000,15.38,0.00,13.0000
BEV,Evervess,600ml,2625,EVERVESS SODA 600ml PET 24 Rs18,24,18.00,11.6667,54.29,0.00,11.6667
BEV,Evervess,600ml,2630,E.SODA 600ml Rs.NIL(FREE WITH2.25ltr CSD,24,0.00,0.0000,12.90,0.00,0.0000
BEV,Evervess,600ml,2631,EVERVESS SODA 600ml PET 24 Rs16,24,16.00,14.5833,9.71,0.00,14.5833
BEV,Evervess,600ml,2634,EVERVESS SODA 600ml PET 24 Rs16,24,16.00,14.0000,14.29,0.00,14.0000
BEV,Evervess,750ml,2655,EVERVESS SODA 750ml PET 24 Rs20,24,20.00,17.5000,14.29,0.00,17.5000
BEV,Evervess,750ml,7123,EVERVESS SODA 750ml PET 24 Rs18,24,18.00,15.5000,16.13,0.00,15.5000
BEV,Evervess,750ml,7124,DUKES SODA 750ML PET 24 RS 18,24,18.00,15.5000,16.13,0.00,15.5000
BEV,Gatorade,200ML,8012,GATORADE LEMON 200ML PET30 RS20,30,20.00,18.0002,11.11,0.00,18.0002
BEV,Gatorade,250ml,8008,GATORADE ORANGE 250ml PET 30 Rs20,30,20.00,18.0000,11.11,0.00,18.0000
BEV,Gatorade,250ml,8009,GATORADE BLUE BOLT 250ml PET30 Rs20,30,20.00,18.0000,11.11,0.00,18.0000
BEV,Gatorade,250ml,8010,GATORADE LEMON 250ml PET30 Rs20,30,20.00,18.0000,11.11,0.00,18.0000
BEV,Gatorade,3.6kg,8003,GATORED LEMON 3.6KG POWDER 36 Rs80,36,80.00,68.4000,16.96,0.00,68.4000
BEV,Gatorade,3.6kg,8004,GATORED ORANGE 3.6KG POWDER 36 Rs80,36,80.00,68.4000,16.96,0.00,68.4000
BEV,Gatorade,500ML,8000,GATORED BLUE BOLT 500ml PET 24 Rs45,24,45.00,40.9500,9.89,0.00,40.9500
BEV,Gatorade,500ML,8001,GATORED LEMON 500ml PET 24 Rs45,24,45.00,40.9500,9.89,0.00,40.9500
BEV,Gatorade,500ML,8002,GATORED ORANGE 500ml PET 24 Rs45,24,45.00,40.9500,9.89,0.00,40.9500
BEV,Gatorade,500ML,8005,GATORED BLUE BOLT 500ml PET 24 Rs50,24,50.00,43.7500,14.29,0.00,43.7500
BEV,Gatorade,500ML,8006,GATORED LEMON 500ml PET 24 Rs50,24,50.00,43.7500,14.29,0.00,43.7500
BEV,Gatorade,500ML,8007,GATORED ORANGE 500ml PET 24 Rs50,24,50.00,43.7500,14.29,0.00,43.7500
BEV,Himalayan,1L,8219,HIMALAYAN 1.0 L PET 12 Rs59,12,59.00,42.1667,39.92,0.00,42.1667
BEV,Himalayan,1L,8225,HIMALAYAN 1.0 L PET 12 Rs100,12,100.00,83.1667,20.24,0.00,83.1667
BEV,Himalayan,1L,8226,TWP COPPER 1.0 L PET 12 Rs19,12,19.00,16.6250,14.29,0.00,16.6250
BEV,Himalayan,1L,8227,TWP ZINC 1.0 L PET 12 Rs19,12,19.00,15.7130,20.92,0.00,15.7130
BEV,Himalayan,1L,8228,TWP ZINC 1.0 L PET 12 Rs20,12,20.00,16.5400,20.92,0.00,16.5400
BEV,Himalayan,1L,8231,HIMALAYAN 1.0 L PET 12 Rs65,12,65.00,46.6667,39.29,0.00,46.6667
BEV,Himalayan,1L,8232,HIMALAYAN 1.0 L PET 12 Rs110,12,110.00,40.0000,175.00,0.00,40.0000
BEV,Himalayan,200ML,8203,HIMALAYAN 200ml PET 48 Rs17,48,17.00,11.3333,50.00,0.00,11.3333
BEV,Himalayan,300ML,8220,HIMALAYA 300ML NRG 12 Rs110 (SP),12,110.00,31.4196,250.10,0.00,31.4196
BEV,Himalayan,300ML,8223,HIMALAYA 300ML NRG 12 Rs100 (ST),12,100.00,71.4167,40.02,0.00,71.4167
BEV,Himalayan,500ML,2834,HIMALAYAN 500ML PET 30 RS40,30,40.00,35.0800,14.03,0.00,35.0800
BEV,Himalayan,500ML,8209,HIMALAYAN 500ML PET 30 RS60,30,60.00,28.4360,111.00,0.00,28.4360
BEV,Himalayan,500ML,8213,HIMALAYAN PEACH 500ML PET 24 RS55,24,55.00,47.0833,16.81,0.00,47.0833
BEV,Himalayan,500ML,8215,HIMALAYAN APPLE 500ML PET 24 RS55,24,55.00,47.0833,16.81,0.00,47.0833
BEV,Himalayan,500ML,8216,HIMALAYAN PEACH 500ML PET 24 RS100,24,100.00,52.7083,89.72,0.00,52.7083
BEV,Himalayan,500ML,8217,HIMALAYAN STRAWBERRY 500ML PET 24 RS100,24,100.00,52.7083,89.72,0.00,52.7083
BEV,Himalayan,500ML,8218,HIMALAYAN APPLE 500ML PET 24 RS100,24,100.00,52.7083,89.72,0.00,52.7083
BEV,Himalayan,500ML,8229,HIMALAYAN 500ML PET 30 RS35,30,35.00,26.6667,31.25,0.00,26.6667
BEV,Himalayan,500ML,8230,HIMALAYAN 500ml PET 30 Rs35(Con Pr Rs20),30,20.00,13.1429,52.17,0.00,13.1429
BEV,Himalayan,750ml,8208,HIMALAYAN 750ml PET 12 Rs45,12,45.00,32.1667,39.90,0.00,32.1667
BEV,Himalayan,750ml,8221,HIMALAYA 750ML NRG 6 Rs220 (SP),6,220.00,157.1667,39.98,0.00,157.1667
BEV,Himalayan,750ml,8222,HIMALAYAN 750ml PET 24 Rs45,24,45.00,32.1250,40.08,0.00,32.1250
BEV,Himalayan,750ml,8224,HIMALAYA 750ML NRG 6 Rs200 (ST),6,200.00,142.8334,40.02,0.00,142.8334
BEV,ICE,1.25L,4367,MOUNTAIN DEW ICE 1.25 L PET 15 Rs50,15,50.00,46.6667,7.14,0.00,46.6667
BEV,ICE,2.25L,4248,MOUNTAIN DEW ICE 2.25 L PET 9 Rs90,9,90.00,83.3333,8.00,0.00,83.3333
BEV,ICE,2.25L,4249,MOUNTAIN DEW ICE 2.25 L PET 9 Rs90 PROMO,9,90.00,83.3333,8.00,0.00,83.3333
BEV,ICE,2.25L,4258,MOUNTAIN DEW ICE 2.25 L PET 9 Rs95,9,95.00,88.3333,7.55,0.00,88.3333
BEV,ICE,250ml,1898,MOUNTAIN DEW ICE 250ml PET 30 Rs20,30,20.00,18.0000,11.11,0.00,18.0000
BEV,ICE,600ml,4241,MOUNTAIN DEW ICE 600ML PET 24 RS30,24,30.00,27.5000,9.09,0.00,27.5000
BEV,ICE,600ml,4756,MOUNTAIN DEW ICE 600ML PET 24 RS35,24,35.00,32.5000,7.69,0.00,32.5000
BEV,ICE,600ml,4764,MOUNTAIN DEW ICE 600ML PET 24 RS38,24,38.00,35.5000,7.04,0.00,35.5000
BEV,Lipton Ice Tea,250ml,1714,LIPTON LEMON ICE TEA 250ML PET 24 Rs50,24,50.00,30.0000,66.67,0.00,30.0000
BEV,Lipton Ice Tea,250ml,1715,LIPTON PEACH ICE TEA 250ML PET 24 Rs100,24,100.00,93.9000,6.50,0.00,93.9000
BEV,Lipton Ice Tea,250ml,1718,LIPTON LEMON ICE TEA 250ML PET 24 Rs20,24,20.00,18.0000,11.11,0.00,18.0000
BEV,Lipton Ice Tea,250ml,1721,LIPTON PEACH ICE TEA 250ML PET 24 Rs20,24,20.00,18.0000,11.11,0.00,18.0000
BEV,Lipton Ice Tea,250ml,1724,LIPTON LEM ICE TEA 250ML PET 24 Rs20 PRO,24,20.00,17.4993,14.29,0.00,17.4993
BEV,Lipton Ice Tea,250ml,1725,LIPTON PEA ICE TEA 250ML PET 24 Rs20 PRO,24,20.00,17.4993,14.29,0.00,17.4993
BEV,Lipton Ice Tea,350ml,1700,LIPTON LEMON ICE TEA 350ML PET 24 Rs25,24,25.00,20.0000,25.00,0.00,20.0000
BEV,Lipton Ice Tea,350ml,1701,LIPTON MINTLEMON ICETEA 350ML PET 24Rs25,24,25.00,21.9300,14.00,0.00,21.9300
BEV,Lipton Ice Tea,350ml,1712,LIPTON PEACH ICE TEA 350ML PET 24 Rs25,24,25.00,20.0000,25.00,0.00,20.0000
BEV,Lipton Ice Tea,350ml,1716,LIPTON LEMON ICE TEA 350ML PET 24 Rs30,24,30.00,24.0000,25.00,0.00,24.0000
BEV,Lipton Ice Tea,350ml,1717,LIPTON PEACH ICE TEA 350ML PET 24 Rs30,24,30.00,26.9300,11.40,0.00,26.9300
BEV,Lipton Ice Tea,350ml,1719,LIPTON LEMON ICE TEA 350ML PET 24 Rs60,24,60.00,36.0000,66.67,0.00,36.0000
BEV,Lipton Ice Tea,350ml,4976,LIPTON PEACH ICE TEA 350ML PET 24 Rs40,24,40.00,37.0358,8.00,0.00,37.0358
BEV,Lipton Ice Tea,5L,3016,LIPTON LEMON ICE TEA 5L BIB BOX,1,2500.00,2500.0000,0.00,0.00,2500.0000
BEV,milk,180ml,8554,CB MILK BUTTERSCOTCH 180ML PET24 RS35,24,35.00,32.5000,7.69,0.00,32.5000
BEV,milk,180ml,8626,CB MILK KESAR BADAM 180ML PET24 RS30,24,30.00,27.5000,9.09,0.00,27.5000
BEV,milk,180ml,8627,CB MILK ELAICHI 180ML PET24 RS30,24,30.00,27.5000,9.09,0.00,27.5000
BEV,milk,180ml,8628,CB MILK COFFEE 180ML PET 24 RS30,24,30.00,27.5000,9.09,0.00,27.5000
BEV,milk,180ml,8629,CB MILK CHOCOLATE 180ML PET 24 RS30,24,30.00,27.5000,9.09,0.00,27.5000
BEV,milk,180ml,8630,CB MILK MANGO 180ML PET 24 RS30,24,30.00,27.5000,9.09,0.00,27.5000
BEV,milk,180ml,8631,CB MILK KESAR BADAM 180ML PET30 RS30,30,30.00,27.5000,9.09,0.00,27.5000
BEV,milk,180ml,8633,CB MILK KESAR BADAM 180ML PET24 RS35,24,35.00,32.5000,7.69,0.00,32.5000
BEV,milk,180ml,8634,CB MILK ELAICHI 180ML PET24 RS35,24,35.00,32.5000,7.69,0.00,32.5000
BEV,milk,180ml,8635,CB MILK COFFEE 180ML PET 24 RS35,24,35.00,32.5000,7.69,0.00,32.5000
BEV,milk,180ml,8636,CB MILK CHOCOLATE 180ML PET 24 RS35,24,35.00,32.5000,7.69,0.00,32.5000
BEV,milk,180ml,8637,CB MILK MANGO 180ML PET 24 RS35,24,35.00,32.5000,7.69,0.00,32.5000
BEV,milk,200ML,8607,CB MILK MANGO 200ML PET 30 RS30,30,30.00,28.0000,7.14,0.00,28.0000
BEV,milk,200ML,8608,CB MILK CHOCOLATE 200ML PET 30 RS30,30,30.00,28.0000,7.14,0.00,28.0000
BEV,milk,200ML,8609,CB MILK COFFEE 200ML PET 30 RS30,30,30.00,28.0000,7.14,0.00,28.0000
BEV,milk,200ML,8610,CB MILK MANGO 200ML PET 24 RS30,24,30.00,27.5000,9.09,0.00,27.5000
BEV,milk,200ML,8611,CB MILK CHOCOLATE 200ML PET 24 RS30,24,30.00,27.5000,9.09,0.00,27.5000
BEV,milk,200ML,8612,CB MILK COFFEE 200ML PET 24 RS30,24,30.00,27.5000,9.09,0.00,27.5000
BEV,milk,200ML,8613,CB MILK MANGO 200ML PET 24 RS30 PROMO,24,30.00,27.5002,9.09,0.00,27.5002
BEV,milk,200ML,8616,GIFT PACK CB MILK PET 6X200ML RS.200,1,200.00,169.9999,17.65,0.00,169.9999
BEV,milk,200ML,8617,CB MILK KESAR BADAM 200ML PET30 RS20,30,20.00,17.8750,11.89,0.00,17.8750
BEV,milk,200ML,8618,CB MILK ELAICHI 200ML PET30 RS20,30,20.00,18.0002,11.11,0.00,18.0002
BEV,milk,200ML,8619,CB MILK MANGO 200ML PET24 Rs20,24,20.00,17.5000,14.29,0.00,17.5000
BEV,milk,200ML,8620,CB MILK MANGO 200ML PET30 RS20,30,20.00,18.0000,11.11,0.00,18.0000
BEV,milk,200ML,8622,CB MILK KESAR BADAM 200ML PET24 RS30,24,30.00,27.5000,9.09,0.00,27.5000
BEV,milk,200ML,8623,CB MILK ELAICHI 200ML PET24 RS30,24,30.00,27.5000,9.09,0.00,27.5000
BEV,Mirinda,1.25L,1381,MIRINDA ORANGE 1.25 L PET 12 Rs65,12,65.00,60.0000,8.33,0.00,60.0000
BEV,Mirinda,1.25L,1893,MIRINDA ORANGE 1.25 L PET 15 Rs50,15,50.00,46.0000,8.70,0.00,46.0000
BEV,Mirinda,1.25L,1895,MIRINDA ORANGE 1.25 L PET 15 Rs50 PROMO,15,50.00,46.6667,7.14,0.00,46.6667
BEV,Mirinda,1.25L,2272,MIRINDA ORANGE 1.25 L PET 12 Rs50,12,50.00,45.0000,11.11,0.00,45.0000
BEV,Mirinda,1.25L,2280,MIRINDA ORANGE 1.25 L PET 12 Rs52,12,52.00,47.5000,9.47,0.00,47.5000
BEV,Mirinda,1.25L,2289,MIRINDA ORANGE 1.25 L PET 12 Rs50 PROMO,12,50.00,45.0000,11.11,0.00,45.0000
BEV,Mirinda,1.25L,2292,MIRINDA LEMON 1.25 L PET 12 RS52,12,52.00,47.5000,9.47,0.00,47.5000
BEV,Mirinda,1.25L,2293,M ORANGE 1.25L 12 PET RS 52 (AF FREE),12,52.00,47.5000,9.47,0.00,47.5000
BEV,Mirinda,1.25L,2917,MIRINDA ORANGE 1.25 L PET 12 Rs55,12,55.00,50.0000,10.00,0.00,50.0000
BEV,Mirinda,1.25L,2944,MIRINDA ORANGE 1.25 L PET 12 Rs49,12,49.00,45.0000,8.89,0.00,45.0000
BEV,Mirinda,1.25L,2972,MIRINDA ORANGE 1.25 L PET 12 Rs60,12,60.00,55.0000,9.09,0.00,55.0000
BEV,Mirinda,1.25L,2993,MIRINDA ORANGE 1.25 L PET 12 Rs60 PROMO,12,60.00,55.0000,9.09,0.00,55.0000
BEV,Mirinda,1.25L,3173,MIRINDA LEMON 1.25 L PET 12 RS55,9,55.00,50.0000,10.00,0.00,50.0000
BEV,Mirinda,1.25L,3191,MIRINDA ORANGE 1.25 L PET 12 Rs58,12,58.00,53.0000,9.43,0.00,53.0000
BEV,Mirinda,1.25L,4130,MIRINDA ORANGE 1.25 L PET 15 Rs60,15,60.00,56.0000,7.14,0.00,56.0000
BEV,Mirinda,1.25L,4144,MIRINDA ORANGE 1.25 L PET 12 Rs65 PR-ATL,12,65.00,60.0000,8.33,0.00,60.0000
BEV,Mirinda,1.25L,4165,MIRINDA ORANGE 1.25 L PET 12 Rs50 PR-ATL,12,50.00,45.0000,11.11,0.00,45.0000
BEV,Mirinda,1.25L,4397,MIRINDA ORANGE 1.25 L PET 12 Rs60 PR-ATL,12,60.00,55.0000,9.09,0.00,55.0000
BEV,Mirinda,1.25L,4705,MIRINDA ORANGE 1.25 L PET 12 RS58 PROMO,12,58.00,53.0000,9.43,0.00,53.0000
BEV,Mirinda,1.5L,1336,MIRINDA ORANGE 1.5 L PET 12 Rs 65,12,65.00,60.0000,8.33,0.00,60.0000
BEV,Mirinda,1.5L,1368,MIRINDA ORANGE 1.5 L PET 12 Rs 75,12,75.00,70.0000,7.14,0.00,70.0000
BEV,Mirinda,1.5L,1377,MIRINDA ORANGE 1.5 L PET 12 Rs 68,12,68.00,63.0000,7.94,0.00,63.0000
BEV,Mirinda,10L,3001,MIRINDA ORANGE 10 L BIB,1,3000.00,3000.0000,0.00,0.00,3000.0000
BEV,Mirinda,150ml,3584,MIRINDA ORANGE 150ml CAN 24 Rs20,24,20.00,17.5000,14.29,0.00,17.5000
BEV,Mirinda,1L,2209,MIRINDA ORANGE 1.0 L PET 12 Rs35,12,35.00,32.0833,9.09,0.00,32.0833
BEV,Mirinda,1L,2238,MIRINDA ORANGE 1.0 L PET 12 RS40,12,40.00,37.1667,7.62,0.00,37.1667
BEV,Mirinda,1L,2259,MIRINDA ORANGE 1.0 L PET 12 Rs45,12,45.00,41.6667,8.00,0.00,41.6667
BEV,Mirinda,1L,2276,MIRINDA LEMON 1.0 L PET 12 Rs45,12,45.00,41.6667,8.00,0.00,41.6667
BEV,Mirinda,1L,2298,MIRINDA ORANGE 1.0 L PET 12 Rs47,12,47.00,43.0000,9.30,0.00,43.0000
BEV,Mirinda,1L,2901,MIRINDA LEMON 1.0 L PET 12 Rs47,12,47.00,43.0000,9.30,0.00,43.0000
BEV,Mirinda,1L,2931,MIRINDA ORANGE 1.0 L PET 12 Rs50,12,50.00,45.8333,9.09,0.00,45.8333
BEV,Mirinda,1L,2968,MIRINDA ORANGE 1.0 L PET 12 Rs49,12,49.00,45.0000,8.89,0.00,45.0000
BEV,Mirinda,2.25L,2533,MIRINDA ORANGE 2.25 L PET 9 Rs70,9,70.00,64.4444,8.62,0.00,64.4444
BEV,Mirinda,2.25L,2546,MIRINDA LEMON 2.25 L PET 9 Rs75,9,75.00,62.0000,20.97,0.00,62.0000
BEV,Mirinda,2.25L,2547,MIRINDA ORANGE 2.25 L PET 9 Rs75,9,75.00,62.0000,20.97,0.00,62.0000
BEV,Mirinda,2.25L,2556,MIRINDA ORANGE 2.25 L PET 9 Rs78,9,78.00,65.0000,20.00,0.00,65.0000
BEV,Mirinda,2.25L,2559,MIRINDA LEMON 2.25 L PET 9 Rs78,9,78.00,65.0000,20.00,0.00,65.0000
BEV,Mirinda,2.25L,2573,MIRINDA ORANGE 2.25 L PET 9 Rs80,9,80.00,74.0000,8.11,0.00,74.0000
BEV,Mirinda,2.25L,2587,MIRINDA ORANGE 2.25 L PET 9 Rs80 (SODA),9,80.00,74.4444,7.46,0.00,74.4444
BEV,Mirinda,2.25L,3177,MIRINDA ORANGE 2.25 L PET 9 Rs90,9,90.00,83.3333,8.00,0.00,83.3333
BEV,Mirinda,2.25L,3181,MIRINDA ORANGE 2.25L PET 9 RS 90(A/F FRE,9,90.00,83.3333,8.00,0.00,83.3333
BEV,Mirinda,2.25L,3955,MIRINDA ORANGE 2.25 L PET 9 Rs85,9,85.00,78.3334,8.51,0.00,78.3334
BEV,Mirinda,2.25L,3979,Mirinda orange 2.25 L PET 9 Rs85 Promo,9,85.00,78.3334,8.51,0.00,78.3334
BEV,Mirinda,2.25L,4298,MIRINDA ORANGE 2.25 L PET 9 RS99 PR- ATL,9,99.00,93.4444,5.95,0.00,93.4444
BEV,Mirinda,2.25L,4351,MIRINDA ORANGE 2.25 L PET 9 RS99,9,99.00,93.4444,5.95,0.00,93.4444
BEV,Mirinda,2.25L,4417,MIRINDA ORANGE 2.25 L PET 9 RS90 PROMO,9,90.00,83.3333,8.00,0.00,83.3333
BEV,Mirinda,2.25L,4528,MIRINDA ORANGE 2.25 L PET 9 RS95,9,95.00,88.3333,7.55,0.00,88.3333
BEV,Mirinda,200ML,1006,MIRINDA ORANGE 200ml RGP 24 Rs10,24,10.00,9.0000,11.11,0.00,9.0000
BEV,Mirinda,200ML,1007,MIRINDA LEMON 200ml RGP 24 Rs10,24,10.00,9.1667,9.09,0.00,9.1667
BEV,Mirinda,200ML,1031,MIRINDA ORANGE 200ML RGP 24 RS10 UTC,24,10.00,9.0000,11.11,0.00,9.0000
BEV,Mirinda,200ML,1042,MIRINDA ORANGE 200ml RGP 24 Rs12,24,12.00,11.0000,9.09,0.00,11.0000
BEV,Mirinda,200ML,1043,MIRINDA LEMON 200ml RGP 24 Rs12,24,12.00,11.0000,9.09,0.00,11.0000
BEV,Mirinda,200ML,1054,MIRINDA ORANGE 200ml RGP 24 Rs12 UTC,24,12.00,10.8333,10.77,0.00,10.8333
BEV,Mirinda,200ML,1075,MIRINDA APPLE 200ml RGP 24 Rs10,24,10.00,9.0000,11.11,0.00,9.0000
BEV,Mirinda,200ML,1110,MIRINDA ORANGE 200ml RGP 24 Rs15,24,15.00,13.6667,9.76,0.00,13.6667
BEV,Mirinda,200ML,4205,MIRINDA ORANGE 200ml RGP 24 Rs14,24,14.00,12.2083,14.68,0.00,12.2083
BEV,Mirinda,200ML,4206,MIRINDA ORANGE 200ml RGP 24 Rs14(UTC),24,14.00,10.6250,31.76,0.00,10.6250
BEV,Mirinda,200ML,4208,MIRINDA ORANGE 200ml RGP 24 Rs13,24,13.00,8.5417,52.20,0.00,8.5417
BEV,Mirinda,200ML,4209,MIRINDA LEMON 200ml RGP 24 Rs13,24,13.00,8.5417,52.20,0.00,8.5417
BEV,Mirinda,250ml,1423,MIRINDA ORANGE 250ml CAN 24 Rs20,24,20.00,18.3333,9.09,0.00,18.3333
BEV,Mirinda,250ml,1426,MIRINDA ORANGE 250ml CAN 24 Rs25,24,25.00,22.0833,13.21,0.00,22.0833
BEV,Mirinda,250ml,1465,MIRINDA ORANGE 250ml PET 24 Rs15,24,15.00,12.9167,16.13,0.00,12.9167
BEV,Mirinda,250ml,1496,MIRINDA ORANGE 250ml CAN 24 Rs60,24,60.00,30.0000,100.00,0.00,30.0000
BEV,Mirinda,250ml,1733,MIRINDA ORANGE 250ml PET 30 Rs15,30,15.00,13.0000,15.38,0.00,13.0000
BEV,Mirinda,250ml,1878,MIRINDA ORANGE 250ml PET 24 Rs20,24,20.00,20.0000,0.00,0.00,20.0000
BEV,Mirinda,250ml,1901,MIRINDA ORANGE 250ml PET 24 Rs18,24,18.00,15.9167,13.09,0.00,15.9167
BEV,Mirinda,250ml,1962,MIRINDA ORANGE 250ml PET 30 Rs20,30,20.00,18.0000,11.11,0.00,18.0000
BEV,Mirinda,250ml,1966,MIRINDA ORANGE 250ml PET 30 Rs18,30,18.00,16.1667,11.34,0.00,16.1667
BEV,Mirinda,250ml,1987,MIRINDA ORANGE 250ml PET 30 Rs20 PROMO,30,20.00,18.0000,11.11,0.00,18.0000
BEV,Mirinda,250ml,3508,MIRINDA ORANGE 250ml CAN 24 Rs22,24,22.00,20.5000,7.32,0.00,20.5000
BEV,Mirinda,250ml,3512,MIRINDA ORANGE 250ml CAN 24 Rs30,24,30.00,27.5000,9.09,0.00,27.5000
BEV,Mirinda,250ml,3531,MIRINDA ORANGE 250ML CAN 24 RS100,24,100.00,23.3333,328.57,0.00,23.3333
BEV,Mirinda,250ml,3571,MIRINDA ORANGE 250ml CAN 24 SW Rs25,24,25.00,22.5000,11.11,0.00,22.5000
BEV,Mirinda,250ml,3587,MIRINDA ORANGE 250ml CAN 24 Rs35,24,35.00,32.5000,7.69,0.00,32.5000
BEV,Mirinda,250ml,4133,MIRINDA ORANGE 250ML PET 30 RS18 PR-ATL,30,18.00,17.1667,4.85,0.00,17.1667
BEV,Mirinda,250ml,4140,MIRINDA ORANGE 250ml PET 30 Rs15 PR-ATL,30,15.00,13.0000,15.38,0.00,13.0000
BEV,Mirinda,250ml,4278,MIRINDA ORANGE 250ml PET 30 Rs20 PR- ATL,30,20.00,18.0002,11.11,0.00,18.0002
BEV,Mirinda,250ml,4981,MIRINDA ORANGE 250ML NRG24 Rs20,24,20.00,17.5000,14.29,0.00,17.5000
BEV,Mirinda,250ml,4986,MIRINDA ORANGE 250 ml CAN 4X6 Rs99,6,99.00,90.0000,10.00,0.00,90.0000
BEV,Mirinda,2L,2701,MIRINDA ORANGE 2.0 L PET 9 Rs65,9,65.00,60.5556,7.34,0.00,60.5556
BEV,Mirinda,2L,2729,MIRINDA ORANGE 2.0 L PET 9 Rs59,9,59.00,55.6667,5.99,0.00,55.6667
BEV,Mirinda,2L,2755,MIRINDA ORANGE 2.0 L PET 9 Rs59 PROMO,9,59.00,55.6667,5.99,0.00,55.6667
BEV,Mirinda,2L,4436,MIRINDA ORANGE 2.0 L PET 9 RS90,9,90.00,82.5000,9.09,0.00,82.5000
BEV,Mirinda,300ML,1202,MIRINDA LEMON 300ml RGP 24 Rs10,24,10.00,9.1667,9.09,0.00,9.1667
BEV,Mirinda,300ML,1231,MIRINDA LEMON 300ml RGP 24 Rs14,24,14.00,13.0000,7.69,0.00,13.0000
BEV,Mirinda,300ML,1232,MIRINDA ORANGE 300ml RGP 24 Rs14,24,14.00,13.0000,7.69,0.00,13.0000
BEV,Mirinda,300ML,1251,MIRINDA ORANGE 300ml RGP 24 Rs15,24,15.00,12.5000,20.00,0.00,12.5000
BEV,Mirinda,300ML,1253,MIRINDA LEMON 300ml RGP 24 Rs15,24,15.00,12.5000,20.00,0.00,12.5000
BEV,Mirinda,300ML,1283,MIRINDA ORANGE 300ML RGP 24 RS18,24,18.00,15.5000,16.13,0.00,15.5000
BEV,Mirinda,300ML,1286,MIRINDA ORANGE 300ml RGP 24 Rs15( UTC),24,15.00,13.0417,15.02,0.00,13.0417
BEV,Mirinda,300ML,1287,MIRINDA ORANGE 300ml RGP 24 Rs18( UTC),24,18.00,16.2083,11.05,0.00,16.2083
BEV,Mirinda,300ML,1288,MIRINDA LEMON 300ml RGP 24 Rs18,24,18.00,15.5000,16.13,0.00,15.5000
BEV,Mirinda,300ML,1537,MIRINDA LEMON 300ml RGP 24 Rs20,24,20.00,19.2500,3.90,0.00,19.2500
BEV,Mirinda,300ML,1539,MIRINDA ORANGE 300ML RGP 24 RS20,24,20.00,19.2500,3.90,0.00,19.2500
BEV,Mirinda,300ML,1941,MIRINDA ORANGE 300ML PET 30 RS20,30,20.00,18.0000,11.11,0.00,18.0000
BEV,Mirinda,300ML,4256,MIRINDA ORANGE 300ML CAN 24 RS30,24,30.00,25.8333,16.13,0.00,25.8333
BEV,Mirinda,300ML,4741,MIRINDA ORANGE 300ML CAN 24 RS60,24,60.00,36.0000,66.67,0.00,36.0000
BEV,Mirinda,330ml,1697,MIRINDA ORANGE 330ml CAN 24 Rs60,24,60.00,36.0000,66.67,0.00,36.0000
BEV,Mirinda,330ml,1908,MIRINDA ORANGE 330ml PET 24 Rs20,24,20.00,17.9167,11.63,0.00,17.9167
BEV,Mirinda,400ml,3121,MIRINDA ORANGE 400ml PET 24 Rs20,24,20.00,17.9167,11.63,0.00,17.9167
BEV,Mirinda,400ml,3154,MIRINDA ORANGE 400ml PET 24 Rs25,24,25.00,22.5000,11.11,0.00,22.5000
BEV,Mirinda,400ml,4219,MIRINDA ORANGE 400ml PET 24 Rs28,24,28.00,26.0000,7.69,0.00,26.0000
BEV,Mirinda,475ml,4171,MIRINDA ORANGE 475ML PET 24 RS60,24,60.00,36.0000,66.67,0.00,36.0000
BEV,Mirinda,500ML,1870,MIRINDA ORANGE 500ML PET 24 RS60,24,60.00,36.0000,66.67,0.00,36.0000
BEV,Mirinda,500ML,4338,MIRINDA ORANGE 500ml PET 24 Rs30,24,30.00,27.7083,8.27,0.00,27.7083
BEV,Mirinda,5L,3015,MIRINDA ORANGE 5 L BIB,1,1500.00,1000.0000,50.00,0.00,1000.0000
BEV,Mirinda,600ml,1889,MIRINDA ORANGE 600ml PET 30 Rs30,30,30.00,28.3333,5.88,0.00,28.3333
BEV,Mirinda,600ml,2021,MIRINDA ORANGE 600ml PET 24 Rs30,24,30.00,27.5000,9.09,0.00,27.5000
BEV,Mirinda,600ml,2022,MIRINDA LEMON 600ml PET 24 Rs30,24,30.00,28.0000,7.14,0.00,28.0000
BEV,Mirinda,600ml,2056,MIRINDA ORANGE 600ml PET 24 Rs25,24,25.00,23.3333,7.14,0.00,23.3333
BEV,Mirinda,600ml,2059,MIRINDA LEMON 600ml PET 24 Rs25,24,25.00,23.2500,7.53,0.00,23.2500
BEV,Mirinda,600ml,2062,MIRINDA ORANGE 600ml PET 24 Rs27,24,27.00,25.0000,8.00,0.00,25.0000
BEV,Mirinda,600ml,2065,MIRINDA LEMON 600ml PET 24 Rs27,24,27.00,25.0000,8.00,0.00,25.0000
BEV,Mirinda,600ml,2069,MIRINDA 'O' MASALA 600ml Pet 24 Rs27,24,27.00,25.0000,8.00,0.00,25.0000
BEV,Mirinda,600ml,2070,MIRINDA 'O' MANGO 600ml Pet 24 Rs27,24,27.00,25.0000,8.00,0.00,25.0000
BEV,Mirinda,600ml,2082,MIRINDA ORANGE 600ml PET 24 Rs29,24,29.00,27.2500,6.42,0.00,27.2500
BEV,Mirinda,600ml,2086,MIRINDA ORANGE 600ml PET 24 Rs35,24,35.00,32.5000,7.69,0.00,32.5000
BEV,Mirinda,600ml,2331,MIRINDA ORANGE 600ml PET 24 Rs32,24,32.00,29.5000,8.47,0.00,29.5000
BEV,Mirinda,600ml,2372,MIRINDA APPLE 600ml PET 24 Rs34,24,34.00,32.0000,6.25,0.00,32.0000
BEV,Mirinda,600ml,3172,MIRINDA LEMON 600ml PET 24 Rs32,24,32.00,29.5000,8.47,0.00,29.5000
BEV,Mirinda,600ml,3187,MIRINDA ORANGE 600ml PET 24 Rs37,24,37.00,34.5000,7.25,0.00,34.5000
BEV,Mirinda,600ml,4120,MIRINDA ORANGE 600ml PET 24 Rs30 (PROMO),24,30.00,27.5000,9.09,0.00,27.5000
BEV,Mirinda,600ml,4283,MIRINDA ORANGE 600ML PET 24 RS38 PR- ATL,24,38.00,35.5000,7.04,0.00,35.5000
BEV,Mirinda,600ml,4307,MIRINDA ORANGE 600ml PET 24 Rs35 (Promo),24,35.00,32.5000,7.69,0.00,32.5000
BEV,Mirinda,600ml,4967,MIRINDA ORANGE 600ml PET 24 Rs38,24,38.00,35.5000,7.04,0.00,35.5000
BEV,Mirinda,750ml,3115,MIRINDA ORANGE 750ml PET 24 Rs38,24,38.00,35.5000,7.04,0.00,35.5000
BEV,Mirinda,750ml,3125,MIRINDA ORANGE 750ml PET 24 Rs35,24,35.00,33.5000,4.48,0.00,33.5000
BEV,Mirinda,750ml,4287,MIRINDA ORANGE 750ML PET 24 RS40 PR- ATL,24,40.00,37.5000,6.67,0.00,37.5000
BEV,Mirinda,750ml,4930,MIRINDA ORANGE 750ML PET 24 Rs39,24,39.00,36.2500,7.59,0.00,36.2500
BEV,Mirinda,750ml,4931,MIRINDA ORANGE 750ML PET 24 Rs39 PROMO,24,39.00,36.2500,7.59,0.00,36.2500
BEV,Mirinda,750ml,4950,MIRINDA ORANGE 750ML PET 24 RS40,24,40.00,37.5000,6.67,0.00,37.5000
BEV,Mirinda,750ml,4958,MIRINDA ORANGE 750ML PET 24 Rs40 PROMO,24,40.00,37.5000,6.67,0.00,37.5000
BEV,Mountain Dew,1.25L,1386,MOUNTAIN DEW 1.25 L PET 12 Rs65,12,65.00,60.0000,8.33,0.00,60.0000
BEV,Mountain Dew,1.25L,1891,MOUNTAIN DEW 1.25 L PET 15 Rs60,15,60.00,56.0000,7.14,0.00,56.0000
BEV,Mountain Dew,1.25L,2275,MOUNTAIN DEW 1.25 L PET 12 Rs50,12,50.00,45.0000,11.11,0.00,45.0000
BEV,Mountain Dew,1.25L,2283,MOUNTAIN DEW 1.25 L PET 12 Rs52,12,52.00,47.5000,9.47,0.00,47.5000
BEV,Mountain Dew,1.25L,2290,MOUNTAIN DEW 1.25 L PET 12 Rs50 PROMO,12,50.00,45.8333,9.09,0.00,45.8333
BEV,Mountain Dew,1.25L,2296,M DEW 1.25L 12 PET RS 52 (AF FREE),12,52.00,47.5000,9.47,0.00,47.5000
BEV,Mountain Dew,1.25L,2919,MOUNTAIN DEW 1.25 L PET 12 Rs55,12,55.00,50.0000,10.00,0.00,50.0000
BEV,Mountain Dew,1.25L,2933,MOUNTAIN DEW 1.25 L PET 12 Rs55 NEON,12,55.00,50.0000,10.00,0.00,50.0000
BEV,Mountain Dew,1.25L,2946,MOUNTAIN DEW 1.25 L PET 12 Rs49,12,49.00,45.0000,8.89,0.00,45.0000
BEV,Mountain Dew,1.25L,2978,MOUNTAIN DEW 1.25 L PET 12 Rs60,12,60.00,55.0000,9.09,0.00,55.0000
BEV,Mountain Dew,1.25L,3192,MOUNTAIN DEW 1.25 L PET 12 Rs58,12,58.00,53.0000,9.43,0.00,53.0000
BEV,Mountain Dew,1.25L,4143,MOUNTAIN DEW 1.25 L PET 12 Rs65 PR-ATL,12,65.00,60.0000,8.33,0.00,60.0000
BEV,Mountain Dew,1.25L,4361,MOUNTAIN DEW 1.25 L PET 15 Rs50,15,50.00,45.9982,8.70,0.00,45.9982
BEV,Mountain Dew,1.25L,4704,MOUNTAIN DEW 1.25 L PET 12 RS58 (PROMO),12,58.00,53.0000,9.43,0.00,53.0000
BEV,Mountain Dew,1.25L,4706,MOUNTAIN DEW 1.25 L PET 12 RS60 PROMO-II,12,60.00,55.0000,9.09,0.00,55.0000
BEV,Mountain Dew,1.5L,1337,MOUNTAIN DEW 1.5 L PET 12 Rs 65,12,65.00,60.0000,8.33,0.00,60.0000
BEV,Mountain Dew,10L,3008,MOUNTAIN DEW 10 L BIB,1,3000.00,2300.0843,30.43,0.00,2300.0843
BEV,Mountain Dew,150ml,3583,MOUNTAIN DEW 150ml CAN 24 Rs20,24,20.00,17.5000,14.29,0.00,17.5000
BEV,Mountain Dew,1L,2212,MOUNTAIN DEW 1.0 L PET 12 Rs35,12,35.00,32.0833,9.09,0.00,32.0833
BEV,Mountain Dew,1L,2239,MOUNTAIN DEW 1.0 L PET 12 RS40,12,40.00,37.1667,7.62,0.00,37.1667
BEV,Mountain Dew,1L,2260,MOUNTAIN DEW 1.0 L PET 12 Rs45,12,45.00,41.6667,8.00,0.00,41.6667
BEV,Mountain Dew,1L,2299,MOUNTAIN DEW 1.0 L PET 12 Rs47,12,47.00,43.0000,9.30,0.00,43.0000
BEV,Mountain Dew,1L,2320,MOUNTAIN DEW 1.0 L PET 12 RS40 PROMO,12,40.00,37.1667,7.62,0.00,37.1667
BEV,Mountain Dew,1L,2915,MOUNTAIN DEW 1.0 L PET 12 Rs47 (NEON),12,47.00,43.0000,9.30,0.00,43.0000
BEV,Mountain Dew,1L,2932,MOUNTAIN DEW 1.0 L PET 12 Rs50,12,50.00,45.8333,9.09,0.00,45.8333
BEV,Mountain Dew,1L,2943,MOUNTAIN DEW 1.0 L PET 12 Rs45(NEON),12,45.00,41.6667,8.00,0.00,41.6667
BEV,Mountain Dew,1L,2967,MOUNTAIN DEW 1.0 L PET 12 Rs49,12,49.00,45.0000,8.89,0.00,45.0000
BEV,Mountain Dew,1L,2971,MOUNTAIN DEW 1.0 L PET 12 RS49 (Neon),12,49.00,45.0000,8.89,0.00,45.0000
BEV,Mountain Dew,1L,3117,MOUNTAIN DEW 1.0L PET 12 Rs45(Grip pack),12,45.00,41.6667,8.00,0.00,41.6667
BEV,Mountain Dew,2.25L,1397,MOUNTAIN DEW 2.25 L PET 9 RS99,9,99.00,92.3335,7.22,0.00,92.3335
BEV,Mountain Dew,2.25L,2532,MOUNTAIN DEW 2.25 L PET 9 Rs70,9,70.00,64.4444,8.62,0.00,64.4444
BEV,Mountain Dew,2.25L,2549,MOUNTAIN DEW 2.25 L PET 9 Rs75,9,75.00,62.0000,20.97,0.00,62.0000
BEV,Mountain Dew,2.25L,2558,MOUNTAIN DEW 2.25 L PET 9 Rs78,9,78.00,65.0000,20.00,0.00,65.0000
BEV,Mountain Dew,2.25L,2575,MOUNTAIN DEW 2.25 L PET 9 Rs80,9,80.00,74.0000,8.11,0.00,74.0000
BEV,Mountain Dew,2.25L,2589,MOUNTAIN DEW 2.25 L PET 9 Rs80 (SODA),9,80.00,74.4444,7.46,0.00,74.4444
BEV,Mountain Dew,2.25L,3179,MOUNTAIN DEW 2.25 L PET 9 Rs90,9,90.00,83.3333,8.00,0.00,83.3333
BEV,Mountain Dew,2.25L,3935,MOUNTAIN DEW 2.25 L PET 9 Rs80 (PROMO),9,80.00,74.0000,8.11,0.00,74.0000
BEV,Mountain Dew,2.25L,3957,MOUNTAIN DEW 2.25 L PET 9 Rs85,9,85.00,78.3334,8.51,0.00,78.3334
BEV,Mountain Dew,2.25L,4297,MOUNTAIN DEW 2.25 L PET 9 RS99 PR- ATL,9,99.00,92.3335,7.22,0.00,92.3335
BEV,Mountain Dew,2.25L,4418,MOUNTAIN DEW 2.25 L PET 9 Rs85 (PROMO),9,85.00,78.3334,8.51,0.00,78.3334
BEV,Mountain Dew,2.25L,4419,MOUNTAIN DEW 2.25 L PET 9 Rs90 PROMO,9,90.00,83.3333,8.00,0.00,83.3333
BEV,Mountain Dew,2.25L,4421,MOUNTAIN DEW 2.25 L PET 9 Rs85 (PROMO),9,85.00,78.3334,8.51,0.00,78.3334
BEV,Mountain Dew,2.25L,4447,MOUNTAIN DEW 2.25 L PET 9 RS90 PROMO-II,9,90.00,83.3333,8.00,0.00,83.3333
BEV,Mountain Dew,2.25L,4529,MOUNTAIN DEW 2.25 L PET 9 RS95,9,95.00,88.3333,7.55,0.00,88.3333
BEV,Mountain Dew,200ML,1009,MOUNTAIN DEW 200ml RGP 24 Rs10,24,10.00,9.0000,11.11,0.00,9.0000
BEV,Mountain Dew,200ML,1032,MOUNTAIN DEW 200ML RGP 24 RS10 UTC,24,10.00,9.1667,9.09,0.00,9.1667
BEV,Mountain Dew,200ML,1045,MOUNTAIN DEW 200ml RGP 24 Rs12,24,12.00,11.0000,9.09,0.00,11.0000
BEV,Mountain Dew,200ML,1057,MOUNTAIN DEW 200ml RGP 24 Rs12 UTC,24,12.00,10.6250,12.94,0.00,10.6250
BEV,Mountain Dew,200ML,1111,MOUNTAIN DEW 200ml RGP 24 Rs15,24,15.00,13.6667,9.76,0.00,13.6667
BEV,Mountain Dew,200ML,4204,MOUNTAIN DEW 200ml RGP 24 Rs14,24,14.00,12.2083,14.68,0.00,12.2083
BEV,Mountain Dew,200ML,4207,MOUNTAIN DEW 200ml RGP 24 Rs13,24,13.00,8.5417,52.20,0.00,8.5417
BEV,Mountain Dew,250ml,1424,MOUNTAIN DEW 250ml CAN 24 Rs20,24,20.00,18.3333,9.09,0.00,18.3333
BEV,Mountain Dew,250ml,1467,MOUNTAIN DEW 250ml PET 24 Rs15,24,15.00,12.9167,16.13,0.00,12.9167
BEV,Mountain Dew,250ml,1479,MOUNTAIN DEW 250ml CAN 24 Rs25,24,25.00,22.0833,13.21,0.00,22.0833
BEV,Mountain Dew,250ml,1732,MOUNTAIN DEW 250ml PET 30 Rs15,30,15.00,13.0000,15.38,0.00,13.0000
BEV,Mountain Dew,250ml,1879,MOUNTAIN DEW 250ml PET 24 Rs20,24,20.00,17.9167,11.63,0.00,17.9167
BEV,Mountain Dew,250ml,1903,MOUNTAIN DEW 250ml PET 24 Rs18,24,18.00,15.9167,13.09,0.00,15.9167
BEV,Mountain Dew,250ml,1963,MOUNTAIN DEW 250ml PET 30 Rs20,30,20.00,18.0000,11.11,0.00,18.0000
BEV,Mountain Dew,250ml,1968,MOUNTAIN DEW 250ml PET 30 Rs18,30,18.00,16.1667,11.34,0.00,16.1667
BEV,Mountain Dew,250ml,3509,MOUNTAIN DEW 250ml CAN 24 Rs22,24,22.00,20.5000,7.32,0.00,20.5000
BEV,Mountain Dew,250ml,3514,MOUNTAIN DEW 250ml CAN 24 Rs30,24,30.00,27.5000,9.09,0.00,27.5000
BEV,Mountain Dew,250ml,3517,MOUNTAIN DEW 250ml CAN 24 Rs27,24,27.00,25.1250,7.46,0.00,25.1250
BEV,Mountain Dew,250ml,3525,M.DEW GAME FUEL 250 ML CAN 24 RS25,24,25.00,21.6667,15.38,0.00,21.6667
BEV,Mountain Dew,250ml,3532,MOUNTAIN DEW 250ML CAN 24 RS100,24,100.00,23.3333,328.57,0.00,23.3333
BEV,Mountain Dew,250ml,3572,M.DEW 250ml CAN 24 SW Rs25,24,25.00,22.5000,11.11,0.00,22.5000
BEV,Mountain Dew,250ml,3588,M.DEW 250ml CAN 24 Rs35,24,35.00,32.5000,7.69,0.00,32.5000
BEV,Mountain Dew,250ml,4135,MOUNTAIN DEW 250ML PET 30 RS18 PR-ATL,30,18.00,17.1667,4.85,0.00,17.1667
BEV,Mountain Dew,250ml,4139,MOUNTAIN DEW 250ml PET 30 Rs15 PR-ATL,30,15.00,13.0000,15.38,0.00,13.0000
BEV,Mountain Dew,250ml,4244,MOUNTAIN DEW ICE 250ml PET 24 Rs20,24,20.00,17.9167,11.63,0.00,17.9167
BEV,Mountain Dew,250ml,4269,MOUNTAIN DEW 250ml CAN 4X6 Rs175,24,29.17,26.6670,9.37,0.00,26.6670
BEV,Mountain Dew,250ml,4277,MOUNTAIN DEW 250ml PET 30 Rs20 PR- ATL,30,20.00,18.0002,11.11,0.00,18.0002
BEV,Mountain Dew,250ml,4982,MOUNTAIN DEW 250ML NRG24 Rs20,24,20.00,17.5000,14.29,0.00,17.5000
BEV,Mountain Dew,250ml,4987,MOUNTAIN DEW 250 ml CAN 4X6 Rs99,6,99.00,90.0000,10.00,0.00,90.0000
BEV,Mountain Dew,2L,2700,MOUNTAIN DEW 2.0 L PET 9 Rs65,9,65.00,60.5556,7.34,0.00,60.5556
BEV,Mountain Dew,2L,2728,MOUNTAIN DEW 2.0 L PET 9 Rs59,9,59.00,55.6667,5.99,0.00,55.6667
BEV,Mountain Dew,2L,2757,MOUNTAIN DEW 2.0 L PET 9 Rs59 PROMO,9,59.00,55.6667,5.99,0.00,55.6667
BEV,Mountain Dew,2L,2766,MOUNTAIN DEW 2.0 L PET 9 Rs70,9,70.00,57.0000,22.81,0.00,57.0000
BEV,Mountain Dew,2L,2767,MOUNTAIN DEW 2.0 L PET 9 Rs70 PROMO,9,70.00,65.0000,7.69,0.00,65.0000
BEV,Mountain Dew,300ML,1115,MOUNTAIN DEW 300ml RGP 24 Rs25,24,25.00,16.6667,50.00,0.00,16.6667
BEV,Mountain Dew,300ML,1229,MOUNTAIN DEW 300ml RGP 24 Rs14,24,14.00,13.0000,7.69,0.00,13.0000
BEV,Mountain Dew,300ML,1236,MOUNTAIN DEW 300ML RGP 24 RS14 (UTC),24,14.00,13.0000,7.69,0.00,13.0000
BEV,Mountain Dew,300ML,1250,MOUNTAIN DEW 300ml RGP 24 Rs15,24,15.00,12.5000,20.00,0.00,12.5000
BEV,Mountain Dew,300ML,1257,MOUNTAIN DEW 300ml RGP 24 Rs15(UTC),24,15.00,13.0417,15.02,0.00,13.0417
BEV,Mountain Dew,300ML,1284,MOUNTAIN DEW 300ML RGP 24 RS18,24,18.00,15.5000,16.13,0.00,15.5000
BEV,Mountain Dew,300ML,1538,MOUNTAIN DEW 300ML RGP 24 RS18,24,18.00,15.5000,16.13,0.00,15.5000
BEV,Mountain Dew,300ML,1542,MOUNTAIN DEW 300ML RGP 24 RS20,24,20.00,19.2500,3.90,0.00,19.2500
BEV,Mountain Dew,300ML,1942,MOUNTAIN DEW 300ML PET 30 RS20,30,20.00,18.0000,11.11,0.00,18.0000
BEV,Mountain Dew,300ML,4254,MOUNTAIN DEW 300ML CAN 24 RS30,24,30.00,25.8333,16.13,0.00,25.8333
BEV,Mountain Dew,300ML,4742,MOUNTAIN DEW 300ML CAN 24 RS60,24,60.00,36.0000,66.67,0.00,36.0000
BEV,Mountain Dew,330ml,1698,MOUNTAIN DEW 330ml CAN 24 Rs60,24,60.00,36.0000,66.67,0.00,36.0000
BEV,Mountain Dew,330ml,1910,MOUNTAIN DEW 330ML PET 24 RS20,24,20.00,17.9167,11.63,0.00,17.9167
BEV,Mountain Dew,330ml,1913,MOUNTAIN DEW 330ML PET 24 RS20 (NEON),24,20.00,17.9167,11.63,0.00,17.9167
BEV,Mountain Dew,330ml,4943,MOUNTAIN DEW 330ML PET 24 RS20 PROMO-II,24,20.00,17.9167,11.63,0.00,17.9167
BEV,Mountain Dew,400ml,3122,MOUNTAIN DEW 400ml PET 24 Rs20,24,20.00,17.9167,11.63,0.00,17.9167
BEV,Mountain Dew,400ml,3130,MOUNTAIN DEW 400ml PET 24 RS25,24,25.00,22.5000,11.11,0.00,22.5000
BEV,Mountain Dew,400ml,4767,MOUNTAIN DEW 400ML PET 30 RS20,30,20.00,18.0000,11.11,0.00,18.0000
BEV,Mountain Dew,500ML,1880,MOUNTAIN DEW 500ml PET 24 Rs60,24,60.00,36.0000,66.67,0.00,36.0000
BEV,Mountain Dew,500ML,4340,MOUNTAIN DEW 500ml PET 24 Rs30,24,30.00,25.8333,16.13,0.00,25.8333
BEV,Mountain Dew,500ML,4774,MOUNTAIN DEW 500ml PET 30 Rs25,30,25.00,23.0000,8.70,0.00,23.0000
BEV,Mountain Dew,5L,3004,MOUNTAIN DEW 5 L BIB,1,1500.00,1200.0000,25.00,0.00,1200.0000
BEV,Mountain Dew,600ml,2024,MOUNTAIN DEW 600ml PET 24 Rs30,24,30.00,27.5000,9.09,0.00,27.5000
BEV,Mountain Dew,600ml,2058,MOUNTAIN DEW 600ml PET 24 Rs25,24,25.00,23.3333,7.14,0.00,23.3333
BEV,Mountain Dew,600ml,2064,MOUNTAIN DEW 600ml PET 24 Rs27,24,27.00,25.0000,8.00,0.00,25.0000
BEV,Mountain Dew,600ml,2080,MOUNTAIN DEW 600ml PET 24 Rs27 GRIP PACK,24,27.00,25.0000,8.00,0.00,25.0000
BEV,Mountain Dew,600ml,2084,MOUNTAIN DEW 600ml PET 24 Rs29,24,29.00,27.2500,6.42,0.00,27.2500
BEV,Mountain Dew,600ml,2308,MOUNTAIN DEW 600ml PET 24 Rs35,24,35.00,32.5000,7.69,0.00,32.5000
BEV,Mountain Dew,600ml,2314,MOUNTAIN DEW 600ml PET 24 Rs35 PROMO,24,35.00,32.5000,7.69,0.00,32.5000
BEV,Mountain Dew,600ml,2317,MOUNTAIN DEW 600ML PET 24 Rs30 PROMO,24,30.00,27.5000,9.09,0.00,27.5000
BEV,Mountain Dew,600ml,2324,MOUNTAIN DEW 600ML PET 24 RS30 GRIP PACK,24,30.00,27.5002,9.09,0.00,27.5002
BEV,Mountain Dew,600ml,2330,MOUNTAIN DEW 600ml PET 24 Rs32 GRIP PACK,24,32.00,29.5000,8.47,0.00,29.5000
BEV,Mountain Dew,600ml,2338,MOUNTAIN DEW 600ML PET 24 RS25 (NEON),24,25.00,23.3333,7.14,0.00,23.3333
BEV,Mountain Dew,600ml,2342,MOUNTAIN DEW 600ML PET 24 RS35(NEON),24,35.00,32.5000,7.69,0.00,32.5000
BEV,Mountain Dew,600ml,2344,MOUNTAIN DEW 600ml PET 24 Rs30 G.P PROMO,24,30.00,26.2500,14.29,0.00,26.2500
BEV,Mountain Dew,600ml,2350,MOUNTAIN DEW 600ml PET 24 Rs32,24,32.00,29.5000,8.47,0.00,29.5000
BEV,Mountain Dew,600ml,2382,MOUNTAIN DEW 600ML PET 24 RS35 GRIP PACK,24,35.00,32.5000,7.69,0.00,32.5000
BEV,Mountain Dew,600ml,2383,MOUNTAIN DEW 600ml PET 24 Rs32 (NEON),24,32.00,29.5000,8.47,0.00,29.5000
BEV,Mountain Dew,600ml,2835,MOUNTAIN DEW 600ML PET 24 RS30 (NEON),24,30.00,26.2500,14.29,0.00,26.2500
BEV,Mountain Dew,600ml,3188,MOUNTAIN DEW 600ml PET 24 Rs37,24,37.00,34.5000,7.25,0.00,34.5000
BEV,Mountain Dew,600ml,4282,MOUNTAIN DEW 600ML PET 24 RS38 PR- ATL,24,38.00,35.5000,7.04,0.00,35.5000
BEV,Mountain Dew,600ml,4968,MOUNTAIN DEW 600ml PET 24 Rs38,24,38.00,35.5000,7.04,0.00,35.5000
BEV,Mountain Dew,750ml,3116,MOUNTAIN DEW 750ml PET 24 Rs38,24,38.00,35.5000,7.04,0.00,35.5000
BEV,Mountain Dew,750ml,3126,MOUNTAIN DEW 750ml PET 24 Rs35,24,35.00,33.5000,4.48,0.00,33.5000
BEV,Mountain Dew,750ml,4286,MOUNTAIN DEW 750ML PET 24 RS40 PR- ATL,24,40.00,37.5000,6.67,0.00,37.5000
BEV,Mountain Dew,750ml,4932,MOUNTAIN DEW 750ml PET 24 Rs39-NEON PORM,24,39.00,36.2500,7.59,0.00,36.2500
BEV,Mountain Dew,750ml,4933,MOUNTAIN DEW 750ml PET 24 Rs39 PROMO,24,39.00,36.2500,7.59,0.00,36.2500
BEV,Mountain Dew,750ml,4942,MOUNTAIN DEW 750ml PET 24 Rs39 PROMO-II,24,39.00,36.2500,7.59,0.00,36.2500
BEV,Mountain Dew,750ml,4948,MOUNTAIN DEW 750ml PET 24 Rs39,24,39.00,36.2500,7.59,0.00,36.2500
BEV,Mountain Dew,750ml,4951,MOUNTAIN DEW 750ML PET 24 RS40,24,40.00,37.5000,6.67,0.00,37.5000
BEV,Mountain Dew,750ml,4952,MOUNTAIN DEW 750ML PET 24 RS40 NEON,24,40.00,37.7084,6.08,0.00,37.7084
BEV,Nimbooz,125ml,4762,7UP NIMBOOZ 125ml TETRA 40 Rs10,40,10.00,8.5000,17.65,0.00,8.5000
BEV,Nimbooz,200ML,1085,NIMBOOZ MASALA SODA 200ml RGP 24 Rs10,24,10.00,9.1667,9.09,0.00,9.1667
BEV,Nimbooz,200ML,1093,NIMBOOZ MASALA SODA 200ml RGP 24 Rs12,24,12.00,11.0000,9.09,0.00,11.0000
BEV,Nimbooz,200ML,4218,NIMBOOZ MASALA SODA 200ml RGP 24 Rs15,24,15.00,13.0804,14.68,0.00,13.0804
BEV,Nimbooz,250ml,1874,7UP NIMBOZ 250ml PET 24 Rs50,24,50.00,30.0000,66.67,0.00,30.0000
BEV,Nimbooz,250ml,1899,7UP NIMBOZ 250ml PET 24 Rs20,24,20.00,17.7083,12.94,0.00,17.7083
BEV,Nimbooz,250ml,4243,7UP NIMBOZ 250ml PET 30 Rs20,30,20.00,18.0000,11.11,0.00,18.0000
BEV,Nimbooz,250ml,4395,7UP NIMBOZ 250ml PET 30 Rs15,30,15.00,13.0000,15.38,0.00,13.0000
BEV,Nimbooz,250ml,4977,NIMBOOZ MASALA SODA 250ML PET 24 Rs20,24,20.00,17.5000,14.29,0.00,17.5000
BEV,Nimbooz,250ml,4979,NIMBOOZ MASALA SODA 250ML PET 24 Rs18,24,18.00,15.5000,16.13,0.00,15.5000
BEV,Nimbooz,300ML,1943,NIMBOOZ MASALA SODA 300ML PET 30 RS20,30,20.00,18.0000,11.11,0.00,18.0000
BEV,Nimbooz,330ml,4105,NIMBOOZ MASALA SODA 330ML PET 24 RS20,24,20.00,17.9167,11.63,0.00,17.9167
BEV,Nimbooz,350ml,1875,7 UP NIMBOZ 350ml PET 24 Rs25,24,25.00,22.5000,11.11,0.00,22.5000
BEV,Nimbooz,350ml,3221,TROP TWISTER 'NIMBOZ 350ml PET 24 Rs15,24,15.00,13.7500,9.09,0.00,13.7500
BEV,Nimbooz,350ml,3225,TROP TWISTER 'NIMBOZ 350ml PET 24 Rs50,24,50.00,18.5000,170.27,0.00,18.5000
BEV,Nimbooz,350ml,3278,TROP TWISTER 'NIMBOZ 350ml PET 24 Rs18,24,18.00,16.7500,7.46,0.00,16.7500
BEV,Nimbooz,350ml,3289,7 UP NIMBOZ 350ml PET 24 Rs20,24,20.00,17.5000,14.29,0.00,17.5000
BEV,Nimbooz,350ml,3360,7UP NIMBOZ 350ml PET 24 Rs60,24,60.00,30.0000,100.00,0.00,30.0000
BEV,Nimbooz,500ML,1847,7 UP NIMBOOZ 500ML PET 24 RS30,24,30.00,27.5000,9.09,0.00,27.5000
BEV,Nimbooz,500ML,2392,NIMBOOZ MASALA SODA 500ML PET 24 RS32,24,32.00,29.5000,8.47,0.00,29.5000
BEV,Nimbooz,500ML,2393,NIMBOOZ MASALA SODA 500ML PET 24 RS35,24,35.00,32.5000,7.69,0.00,32.5000
BEV,Nimbooz,500ML,3393,NIMBOOZ MASALA SODA 500ML PET 24 RS32-Pr,24,32.00,29.5000,8.47,0.00,29.5000
BEV,Nimbooz,600ml,2325,NIMBOOZ MASALA SODA 600ML PET 24 RS30,24,30.00,26.2500,14.29,0.00,26.2500
BEV,Nimbooz,600ml,2388,NIMBOOZ MASALA SODA 600ML PET 24 RS35,24,35.00,32.5000,7.69,0.00,32.5000
BEV,Oats Milk,180ml,7500,DairyQua OatsMilkAlmond180MLTetra30 Rs30,30,30.00,27.2730,10.00,0.00,27.2730
BEV,Oats Milk,180ml,7501,DairyQua OatsMilk Mango180MLTetra30 Rs30,30,30.00,27.2730,10.00,0.00,27.2730
BEV,Ole,600ml,4341,NIMBOOZ MASALA SODA 600ML PET 24 RS30,24,30.00,25.8333,16.13,0.00,25.8333
BEV,Pepsi,1.25L,1380,PEPSI COLA 1.25 L PET 12 Rs65,12,65.00,60.0000,8.33,0.00,60.0000
BEV,Pepsi,1.25L,1385,PEPSI COLA 1.25 L PET 12 Rs70,12,70.00,64.6154,8.33,0.00,64.6154
BEV,Pepsi,1.25L,1892,PEPSI COLA 1.25 L PET 15 Rs50 PROMO,15,50.00,46.0000,8.70,0.00,46.0000
BEV,Pepsi,1.25L,1897,PEPSI COLA 1.25 L PET 15 Rs50,15,50.00,45.9982,8.70,0.00,45.9982
BEV,Pepsi,1.25L,2273,PEPSI COLA 1.25 L PET 12 Rs50,12,50.00,45.0000,11.11,0.00,45.0000
BEV,Pepsi,1.25L,2281,PEPSI COLA 1.25 L PET 12 Rs52,12,52.00,47.5000,9.47,0.00,47.5000
BEV,Pepsi,1.25L,2291,PEPSI COLA 1.25 L PET 12 Rs50 PROMO,12,50.00,45.8333,9.09,0.00,45.8333
BEV,Pepsi,1.25L,2294,PEPSI 1.25L 12 PET RS 52 (AF FREE),12,52.00,47.5000,9.47,0.00,47.5000
BEV,Pepsi,1.25L,2916,PEPSI COLA 1.25 L PET 12 Rs55,12,55.00,50.0000,10.00,0.00,50.0000
BEV,Pepsi,1.25L,2945,PEPSI COLA 1.25 L PET 12 Rs49,12,49.00,45.0000,8.89,0.00,45.0000
BEV,Pepsi,1.25L,2975,PEPSI COLA 1.25 L PET 12 Rs60 PROMO,12,60.00,55.0000,9.09,0.00,55.0000
BEV,Pepsi,1.25L,2976,PEPSI COLA 1.25 L PET 12 Rs60,12,60.00,55.0000,9.09,0.00,55.0000
BEV,Pepsi,1.25L,3193,PEPSI COLA 1.25 L PET 12 Rs58,12,58.00,53.0000,9.43,0.00,53.0000
BEV,Pepsi,1.25L,4129,PEPSI COLA 1.25 L PET 15 Rs60,15,60.00,56.0000,7.14,0.00,56.0000
BEV,Pepsi,1.25L,4141,PEPSI COLA 1.25 L PET 12 Rs65 PR-ATL,12,65.00,60.0000,8.33,0.00,60.0000
BEV,Pepsi,1.25L,4163,PEPSI COLA 1.25 L PET 12 Rs50 PR-ATL,12,50.00,45.0000,11.11,0.00,45.0000
BEV,Pepsi,1.25L,4396,PEPSI COLA 1.25 L PET 12 Rs60 PR-ATL,12,60.00,55.0000,9.09,0.00,55.0000
BEV,Pepsi,1.5L,1335,PEPSI COLA 1.5 L PET 12 Rs 65,12,65.00,60.0000,8.33,0.00,60.0000
BEV,Pepsi,1.5L,1367,PEPSI COLA 1.5 L PET 12 Rs 75,12,75.00,70.0000,7.14,0.00,70.0000
BEV,Pepsi,1.5L,4781,PEPSI BLACK 1.5 L PET 12 Rs 50,12,50.00,45.0000,11.11,0.00,45.0000
BEV,Pepsi,10L,3011,PEPSI COLA 10 L BIB,1,3000.00,2300.0843,30.43,0.00,2300.0843
BEV,Pepsi,150ml,3582,PEPSI COLA 150ml CAN 24 Rs20,24,20.00,17.5000,14.29,0.00,17.5000
BEV,Pepsi,180ml,4786,PEPSI BLACK 180ml CAN 30 Rs30,30,30.00,28.0000,7.14,0.00,28.0000
BEV,Pepsi,1L,2210,PEPSI COLA 1.0 L PET 12 Rs35,12,35.00,32.0833,9.09,0.00,32.0833
BEV,Pepsi,1L,2240,PEPSI COLA 1.0 L PET 12 RS40,12,40.00,37.1667,7.62,0.00,37.1667
BEV,Pepsi,1L,2261,PEPSI COLA 1.0 L PET 12 RS45,12,45.00,41.6667,8.00,0.00,41.6667
BEV,Pepsi,1L,2262,PEPSI COLA 1.0 L PET 12 Rs38 (PROMO),12,38.00,33.4400,13.64,0.00,33.4400
BEV,Pepsi,1L,2900,PEPSI COLA 1.0 L PET 12 RS47,12,47.00,43.0000,9.30,0.00,43.0000
BEV,Pepsi,1L,2929,PEPSI COLA 1.0 L PET 12 RS50,12,50.00,45.8333,9.09,0.00,45.8333
BEV,Pepsi,1L,2965,PEPSI COLA 1.0 L PET 12 Rs49,12,49.00,45.0000,8.89,0.00,45.0000
BEV,Pepsi,2.25L,1398,PEPSI COLA 2.25 L PET 9 RS99,9,99.00,93.4444,5.95,0.00,93.4444
BEV,Pepsi,2.25L,2494,PEPSI COLA 2.25 L PET 9 Rs65,9,65.00,53.7778,20.87,0.00,53.7778
BEV,Pepsi,2.25L,2534,PEPSI COLA 2.25 L PET 9 Rs70,9,70.00,64.4444,8.62,0.00,64.4444
BEV,Pepsi,2.25L,2545,PEPSI COLA 2.25 L PET 9 Rs75,9,75.00,62.0000,20.97,0.00,62.0000
BEV,Pepsi,2.25L,2555,PEPSI COLA 2.25 L PET 9 Rs78,9,78.00,65.0000,20.00,0.00,65.0000
BEV,Pepsi,2.25L,2572,PEPSI COLA 2.25 L PET 9 Rs80,9,80.00,74.0000,8.11,0.00,74.0000
BEV,Pepsi,2.25L,2586,PEPSI COLA 2.25 L PET 9 Rs80 (SODA),9,80.00,74.4444,7.46,0.00,74.4444
BEV,Pepsi,2.25L,3169,PEPSI COLA 2.25 L PET 9 Rs85 PROMO,9,85.00,77.2223,10.07,0.00,77.2223
BEV,Pepsi,2.25L,3175,PEPSI COLA 2.25 L PET 9 Rs90 PROMO,9,90.00,83.3333,8.00,0.00,83.3333
BEV,Pepsi,2.25L,3176,PEPSI COLA 2.25 L PET 9 Rs90,9,90.00,83.3333,8.00,0.00,83.3333
BEV,Pepsi,2.25L,3925,PEPSI COLA 2.25 L PET 9 Rs80 PROMO,9,80.00,74.0000,8.11,0.00,74.0000
BEV,Pepsi,2.25L,3954,PEPSI COLA 2.25 L PET 9 Rs85,9,85.00,78.3334,8.51,0.00,78.3334
BEV,Pepsi,2.25L,4295,PEPSI COLA 2.25 L PET 9 RS99 PR- ATL,9,99.00,93.4444,5.95,0.00,93.4444
BEV,Pepsi,2.25L,4530,PEPSI COLA 2.25 L PET 9 RS95,9,95.00,88.3333,7.55,0.00,88.3333
BEV,Pepsi,2.25L,4724,PEPSI COLA 2.25 L PET 9 Rs95 PROMO,9,95.00,88.3333,7.55,0.00,88.3333
BEV,Pepsi,200ML,1000,PEPSI COLA 200ml RGP 24 Rs 8,24,8.00,7.0833,12.94,0.00,7.0833
BEV,Pepsi,200ML,1005,PEPSI COLA 200ml RGP 24 Rs10,24,10.00,9.0000,11.11,0.00,9.0000
BEV,Pepsi,200ML,1033,PEPSI COLA 200ML RGP 24 RS10 UTC / AXL,24,10.00,9.0000,11.11,0.00,9.0000
BEV,Pepsi,200ML,1046,PEPSI COLA 200ml RGP 24 Rs12,24,12.00,11.0000,9.09,0.00,11.0000
BEV,Pepsi,200ML,1059,PEPSI ATOM 200ML RGP 24 Rs10,24,10.00,9.1667,9.09,0.00,9.1667
BEV,Pepsi,200ML,1074,PEPSI ATOM 200ml RGP 24 Rs8,24,8.00,7.0833,12.94,0.00,7.0833
BEV,Pepsi,200ML,1084,PEPSI COLA 200ml RGP 24 Rs10(NEW LOGO),24,10.00,9.0000,11.11,0.00,9.0000
BEV,Pepsi,200ML,1094,PEPSI COLA 200ml RGP 24 Rs10 (UTC),24,10.00,9.0000,11.11,0.00,9.0000
BEV,Pepsi,200ML,1109,PEPSI COLA 200ml RGP 24 Rs15,24,15.00,13.6667,9.76,0.00,13.6667
BEV,Pepsi,200ML,4210,PEPSI COLA 200ml RGP 24 Rs13,24,13.00,8.5417,52.20,0.00,8.5417
BEV,Pepsi,200ML,4217,PEPSI COLA 200ml RGP 24 Rs14,24,14.00,12.2083,14.68,0.00,12.2083
BEV,Pepsi,20L,3000,PEPSI COLA 20 L BIB,1,6000.00,4800.0000,25.00,0.00,4800.0000
BEV,Pepsi,250ml,1425,PEPSI COLA 250ml CAN 24 Rs20,24,20.00,18.3333,9.09,0.00,18.3333
BEV,Pepsi,250ml,1452,PEPSI DIET 250ml CAN 24 Rs20,24,20.00,18.3333,9.09,0.00,18.3333
BEV,Pepsi,250ml,1456,PEPSI COLA 250ml CAN 24 Rs20 (PROMO),24,20.00,18.3333,9.09,0.00,18.3333
BEV,Pepsi,250ml,1464,PEPSI COLA 250ml PET 24 Rs15,24,15.00,12.9167,16.13,0.00,12.9167
BEV,Pepsi,250ml,1468,PEPSI ATOM 250ml CAN 24 Rs15,24,15.00,14.0000,7.14,0.00,14.0000
BEV,Pepsi,250ml,1477,PEPSI COLA 250ml CAN 24 Rs25,24,25.00,22.0833,13.21,0.00,22.0833
BEV,Pepsi,250ml,1480,PEPSI DIET 250ml CAN 24 Rs25,24,25.00,22.0833,13.21,0.00,22.0833
BEV,Pepsi,250ml,1498,PEPSI DIET 250ml CAN 24 Rs60,24,60.00,23.0000,160.87,0.00,23.0000
BEV,Pepsi,250ml,1877,PEPSI COLA 250ml PET 24 Rs20,24,20.00,17.9167,11.63,0.00,17.9167
BEV,Pepsi,250ml,1900,PEPSI COLA 250ml PET 24 Rs18,24,18.00,15.9167,13.09,0.00,15.9167
BEV,Pepsi,250ml,1964,PEPSI COLA 250ml PET 30 Rs18,30,18.00,16.1667,11.34,0.00,16.1667
BEV,Pepsi,250ml,1965,PEPSI COLA 250ml PET 30 Rs20,30,20.00,18.0000,11.11,0.00,18.0000
BEV,Pepsi,250ml,1977,PEPSI COLA 250ml PET 30 Rs15,30,15.00,13.3333,12.50,0.00,13.3333
BEV,Pepsi,250ml,1978,PEPSI BLACK 250ml PET 24 Rs20,24,20.00,17.9163,11.63,0.00,17.9163
BEV,Pepsi,250ml,1982,PEPSI COLA 250ml PET 30 Rs15 PROMO,30,15.00,13.0000,15.38,0.00,13.0000
BEV,Pepsi,250ml,1983,PEPSI BLACK 250ml PET 30 Rs20,30,20.00,18.0000,11.11,0.00,18.0000
BEV,Pepsi,250ml,3506,PEPSI COLA 250ml CAN 24 Rs22,24,22.00,20.5000,7.32,0.00,20.5000
BEV,Pepsi,250ml,3510,PEPSI DIET 250ml CAN 24 Rs22,24,22.00,20.5000,7.32,0.00,20.5000
BEV,Pepsi,250ml,3511,PEPSI COLA 250ml CAN 24 Rs30,24,30.00,27.5000,9.09,0.00,27.5000
BEV,Pepsi,250ml,3515,PEPSI DIET 250ml CAN 24 Rs30,24,30.00,27.5000,9.09,0.00,27.5000
BEV,Pepsi,250ml,3516,PEPSI COLA 250ml CAN 24 Rs27 PROMO,24,27.00,25.1250,7.46,0.00,25.1250
BEV,Pepsi,250ML,3537,PEPSI BLACK 250ml CAN 24 Rs25,24,25.00,22.0833,13.21,0.00,22.0833
BEV,Pepsi,250ML,3538,PEPSI BLACK 250ml CAN 24 RS100,24,100.00,23.3333,328.57,0.00,23.3333
BEV,Pepsi,250ml,3544,PEPSI DIET 250ml CAN 24 Rs25 (GP),24,25.00,23.3333,7.14,0.00,23.3333
BEV,Pepsi,250ml,3573,PEPSI COLA 250ml CAN 24 SW Rs25,24,25.00,22.5000,11.11,0.00,22.5000
BEV,Pepsi,250ml,3574,PEPSI DIET 250ml CAN 24 SW Rs25,24,25.00,21.6667,15.38,0.00,21.6667
BEV,Pepsi,250ml,3576,PEPSI BLACK 250ml CAN 24 SW Rs25,24,25.00,21.6667,15.38,0.00,21.6667
BEV,Pepsi,250ml,3579,PEPSI BLACK 250ml CAN 24 Rs30,24,30.00,27.5000,9.09,0.00,27.5000
BEV,Pepsi,250ml,3580,PEPSI BLACK 250 ML NRG 24 Rs 25,24,25.00,22.0833,13.21,0.00,22.0833
BEV,Pepsi,250ml,3589,PEPSI COLA 250ml CAN 24 Rs35,24,35.00,32.5000,7.69,0.00,32.5000
BEV,Pepsi,250ml,3592,PEPSI BLACK 250ml CAN 24 Rs35,24,35.00,32.5000,7.69,0.00,32.5000
BEV,Pepsi,250ml,4094,PEPSI BLACK 250ML CAN 4X6 Rs175,24,29.17,26.6670,9.37,0.00,26.6670
BEV,Pepsi,250ml,4122,PEPSI COLA 250ml CAN 24 Rs30 (MONEYHIST),24,30.00,27.5000,9.09,0.00,27.5000
BEV,Pepsi,250ml,4132,PEPSI COLA 250ML PET 30 RS18 PR-ATL,30,18.00,17.1667,4.85,0.00,17.1667
BEV,Pepsi,250ml,4275,PEPSI COLA 250ml PET 30 Rs20 PR- ATL,30,20.00,18.0000,11.11,0.00,18.0000
BEV,Pepsi,250ml,4980,PEPSI 250 ML NRG 24 Rs 20,24,20.00,17.5000,14.29,0.00,17.5000
BEV,Pepsi,250ml,4984,PEPSI BLACK 250MLCAN 4X6 Rs99,24,99.00,99.0000,0.00,0.00,99.0000
BEV,Pepsi,250ml,4991,PEPSI 250MLCAN 4X6 Rs99,6,99.00,89.0000,11.24,0.00,89.0000
BEV,Pepsi,250ml,4993,PEPSI COLA 250ml CAN 24 Rs25 RETRO,24,25.00,22.0833,13.21,0.00,22.0833
BEV,Pepsi,250ml,4994,PEPSI COLA 250ml CAN 24 Rs30 RETRO,24,30.00,25.8333,16.13,0.00,25.8333
BEV,Pepsi,295ml,1549,PEPSI COLA 295ml PET 30 Rs49,30,49.00,24.5000,100.00,0.00,24.5000
BEV,Pepsi,2L,2498,PEPSI COLA 2.0 L PET 9 Rs65,9,65.00,60.5556,7.34,0.00,60.5556
BEV,Pepsi,2L,2726,PEPSI COLA 2.0 L PET 9 Rs59,9,59.00,55.6667,5.99,0.00,55.6667
BEV,Pepsi,2L,2759,PEPSI COLA 2.0 L PET 9 Rs59 PROMO,9,59.00,55.6667,5.99,0.00,55.6667
BEV,Pepsi,2L,4434,PEPSI COLA 2.0 L PET 9 RS90,9,90.00,82.5000,9.09,0.00,82.5000
BEV,Pepsi,300ML,1113,PEPSI COLA 300ml RGP 24 Rs25,24,25.00,16.6667,50.00,0.00,16.6667
BEV,Pepsi,300ML,1205,PEPSI COLA 300ml RGP 24 Rs12,24,12.00,10.7500,11.63,0.00,10.7500
BEV,Pepsi,300ML,1233,PEPSI COLA 300ml RGP 24 Rs14,24,14.00,13.0000,7.69,0.00,13.0000
BEV,Pepsi,300ML,1249,PEPSI COLA 300ml RGP 24 Rs15,24,15.00,12.5000,20.00,0.00,12.5000
BEV,Pepsi,300ML,1281,PEPSI COLA 300ml RGP 24 Rs18,24,18.00,15.5000,16.13,0.00,15.5000
BEV,Pepsi,300ML,1541,PEPSI COLA 300ml RGP 24 Rs20,24,20.00,19.2511,3.89,0.00,19.2511
BEV,Pepsi,300ML,1944,PEPSI 300ML PET 30 RS20,30,20.00,18.0000,11.11,0.00,18.0000
BEV,Pepsi,300ML,1960,PEPSI 300ML PET 30 RS15,30,15.00,13.0000,15.38,0.00,13.0000
BEV,Pepsi,300ML,4253,PEPSI COLA 300ML CAN 24 RS30,24,30.00,25.8333,16.13,0.00,25.8333
BEV,Pepsi,300ML,4738,PEPSI BLACK 300ml CAN 24 Rs60,24,60.00,36.0000,66.67,0.00,36.0000
BEV,Pepsi,300ML,4740,PEPSI COLA 300ML CAN 24 RS60,24,60.00,36.0000,66.67,0.00,36.0000
BEV,Pepsi,330ml,1699,PEPSI COLA 330ml CAN 24 Rs60,24,60.00,36.0000,66.67,0.00,36.0000
BEV,Pepsi,330ml,1911,PEPSI COLA 330ML PET 24 RS20,24,20.00,17.9167,11.63,0.00,17.9167
BEV,Pepsi,330ml,1914,PEPSI COLA 330ML PET 24 RS20 (PROMO),24,20.00,17.9167,11.63,0.00,17.9167
BEV,Pepsi,330ml,7140,PEPSI DIET 330ml CAN 24 Rs60,24,60.00,30.0000,100.00,0.00,30.0000
BEV,Pepsi,330ml,7142,PEPSI BLACK 330ML CAN 24 Rs60,24,60.00,36.0000,66.67,0.00,36.0000
BEV,Pepsi,400ml,3119,PEPSI COLA 400ml PET 24 Rs20,24,20.00,17.9167,11.63,0.00,17.9167
BEV,Pepsi,400ml,3131,PEPSI COLA 400ml PET 24 Rs25,24,25.00,22.5000,11.11,0.00,22.5000
BEV,Pepsi,400ml,3167,PEPSI COLA 400ml PET 24 Rs20 PROMO,24,20.00,17.9167,11.63,0.00,17.9167
BEV,Pepsi,400ml,4220,PEPSI COLA 400ml PET 24 Rs28,24,28.00,26.0000,7.69,0.00,26.0000
BEV,Pepsi,475ml,4168,PEPSI COLA 475ML PET 24 RS60,24,60.00,36.0000,66.67,0.00,36.0000
BEV,Pepsi,500ML,1833,PEPSI ATOM 500ml PET 24 Rs25,24,25.00,23.5000,6.38,0.00,23.5000
BEV,Pepsi,500ML,1871,PEPSI COLA 500ML PET 24 RS60,24,60.00,36.0000,66.67,0.00,36.0000
BEV,Pepsi,500ML,1873,PEPSI DIET 500ml PET 24 Rs60,24,60.00,36.0000,66.67,0.00,36.0000
BEV,Pepsi,500ML,1994,PEPSI BLACK 500ML PET 24 RS20,24,20.00,17.9167,11.63,0.00,17.9167
BEV,Pepsi,500ML,1995,PEPSI BLACK 500ML PET 30 RS20,30,20.00,18.0000,11.11,0.00,18.0000
BEV,Pepsi,500ML,4279,PEPSI COLA 500ML PET 24 RS60 PR- ATL,24,60.00,30.0000,100.00,0.00,30.0000
BEV,Pepsi,500ML,4343,PEPSI COLA 500ml PET 24 Rs30,24,30.00,27.7083,8.27,0.00,27.7083
BEV,Pepsi,5L,3005,PEPSI DIET 5 L BIB,1,1500.00,1200.0000,25.00,0.00,1200.0000
BEV,Pepsi,5L,7510,PEPSI BLACK 5 L BIB,1,1500.00,1100.0003,36.36,0.00,1100.0003
BEV,Pepsi,600ml,1888,PEPSI COLA 600ml PET 30 Rs30 (PROMO),30,30.00,26.2500,14.29,0.00,26.2500
BEV,Pepsi,600ml,2012,PEPSI DIET600ml PET 24 Rs25,24,25.00,22.9167,9.09,0.00,22.9167
BEV,Pepsi,600ml,2020,PEPSI COLA 600ml PET 24 Rs30,24,30.00,27.5000,9.09,0.00,27.5000
BEV,Pepsi,600ml,2025,PEPSI DIET600ml PET 24 Rs30,24,30.00,28.0000,7.14,0.00,28.0000
BEV,Pepsi,600ml,2040,PEPSI COLA 600ml PET 24 Rs30 GRIP PACK,24,30.00,26.2500,14.29,0.00,26.2500
BEV,Pepsi,600ml,2055,PEPSI COLA 600ml PET 24 Rs25,24,25.00,23.3333,7.14,0.00,23.3333
BEV,Pepsi,600ml,2061,PEPSI COLA 600ml PET 24 Rs27,24,27.00,25.0000,8.00,0.00,25.0000
BEV,Pepsi,600ml,2081,PEPSI COLA 600ml PET 24 Rs29,24,29.00,27.2500,6.42,0.00,27.2500
BEV,Pepsi,600ml,2087,PEPSI COLA 600ml PET 24 Rs35,24,35.00,32.5000,7.69,0.00,32.5000
BEV,Pepsi,600ml,2332,PEPSI COLA 600ml PET 24 Rs32,24,32.00,29.5000,8.47,0.00,29.5000
BEV,Pepsi,600ml,2367,PEPSI COLA 600ml PET 24 Rs30 (PROMO),24,30.00,27.5000,9.09,0.00,27.5000
BEV,Pepsi,600ml,2374,PEPSI COLA 600ml PET 24 Rs32 (PROMO),24,32.00,29.5000,8.47,0.00,29.5000
BEV,Pepsi,600ml,3109,PEPSI COLA 600ml PET 24 Rs34,24,34.00,34.0000,0.00,0.00,34.0000
BEV,Pepsi,600ml,4280,PEPSI COLA 600ML PET 24 RS38 PR- ATL,24,38.00,35.5000,7.04,0.00,35.5000
BEV,Pepsi,600ml,4382,PEPSI COLA 600ml PET 24 Rs35-MONEY HEIST,24,35.00,32.5000,7.69,0.00,32.5000
BEV,Pepsi,600ml,4388,PEPSI COLA 600ml PET 24 Rs38-MONEY HEIST,24,38.00,35.5000,7.04,0.00,35.5000
BEV,Pepsi,600ml,4511,PEPSI COLA 600ML PET 24 RS37,24,37.00,34.5000,7.25,0.00,34.5000
BEV,Pepsi,600ml,4514,PEPSI COLA 600ML PET 24 RS38,24,38.00,35.5000,7.04,0.00,35.5000
BEV,Pepsi,600ml,4782,PEPSI BLACK 600ML PET 24 RS30,24,30.00,27.5000,9.09,0.00,27.5000
BEV,Pepsi,750ml,3113,PEPSI COLA 750ml PET 24 Rs38,24,38.00,35.5000,7.04,0.00,35.5000
BEV,Pepsi,750ml,3123,PEPSI COLA 750ml PET 24 Rs35,24,35.00,32.5000,7.69,0.00,32.5000
BEV,Pepsi,750ml,3143,PEPSI COLA 750ml PET 24 Rs 32,24,32.00,29.7500,7.56,0.00,29.7500
BEV,Pepsi,750ml,3157,PEPSI COLA 750ML PET 24 Rs35 PROMO,24,35.00,32.5000,7.69,0.00,32.5000
BEV,Pepsi,750ml,3159,PEPSI COLA 750ml PET 24 Rs 32 PROMO,24,32.00,29.7500,7.56,0.00,29.7500
BEV,Pepsi,750ml,4284,PEPSI COLA 750ml PET 24 Rs40 PR- ATL,24,40.00,37.5000,6.67,0.00,37.5000
BEV,Pepsi,750ml,4380,PEPSI COLA 750ml PET 24 Rs40 (MONY HIST),24,40.00,37.5000,6.67,0.00,37.5000
BEV,Pepsi,750ml,4906,PEPSI COLA 750ml PET 24 Rs40,24,40.00,37.5000,6.67,0.00,37.5000
BEV,Pepsi,750ml,4921,PEPSI COLA 750ml PET 24 Rs40 PROMO,24,40.00,36.0000,11.11,0.00,36.0000
BEV,Pepsi,750ml,4922,PEPSI COLA 750ML PET 24 Rs37,24,37.00,37.0000,0.00,0.00,37.0000
BEV,Pepsi,750ml,4928,PEPSI COLA 750ml PET 24 Rs39,24,39.00,36.2500,7.59,0.00,36.2500
BEV,Pepsi,750ml,4929,PEPSI COLA 750ML PET 24 Rs39 PROMO,24,39.00,36.2500,7.59,0.00,36.2500
BEV,Promo,185L,91102,OYC REFRIGERATOR 181RDGB - 185 L,1,11000.00,11000.0000,0.00,0.00,11000.0000
BEV,Promo,190L,9996,OYC REFRIGERATOR 190 Ltr -Samsung,1,10990.00,10990.0000,0.00,0.00,10990.0000
BEV,Promo,320L,91046,OYC325H - 325 Chest Cooler,1,20500.00,16598.8274,23.50,0.00,16598.8274
BEV,Promo,320L,91119,OYA-VISI COOLER SRC380HC-GL,1,42920.00,21998.9974,95.10,0.00,21998.9974
BEV,Promo,320L,9956,CHEST COOLER 320 LTR,1,33490.00,19992.4185,67.51,0.00,19992.4185
BEV,Promo,350L,91114,CHEST COOLER 350L DOUBLE DOOR-ROCKWELL,1,33764.00,20514.5903,64.59,0.00,20514.5903
BEV,Promo,61L,91088,PVC ICE BOX 61 L,1,1500.00,1500.0000,0.00,0.00,1500.0000
BEV,Promo,Cups,9900,PVC GLASS 200ML,1,0.75,0.7500,0.00,0.00,0.7500
BEV,Promo,Cups,9901,PVC GLASS 250ML,1,0.82,0.8200,0.00,0.00,0.8200
BEV,Promo,Cups,9902,PVC GLASS 300ML,1,1.45,1.2800,13.28,0.00,1.2800
BEV,Promo,Cups,9903,PVC GLASS 350ML,1,1.50,1.3000,15.38,0.00,1.3000
BEV,Promo,Cups,9904,PVC GLASS 450ML,1,1.91,1.9100,0.00,0.00,1.9100
BEV,Promo,Cups,9920,PVC GLASS 650ml,1,2.49,2.3600,5.51,0.00,2.3600
BEV,Promo,Cylinder,9911,CO2 GAS 9 KGS,1,1000.00,400.0000,150.00,0.00,400.0000
BEV,Promo,Lid,91005,PVC LID 1000ml,1,0.86,0.7900,8.86,0.00,0.7900
BEV,Promo,Lid,9907,PVC LID 300ML,1,0.69,0.4500,53.33,0.00,0.4500
BEV,Promo,Lid,9908,PVC LID 350ML,1,0.60,0.5100,17.65,0.00,0.5100
BEV,Promo,Lid,9909,PVC LID 450ML,1,0.79,0.5500,43.64,0.00,0.5500
BEV,Promo,Lid,9921,PVC LID 650ml,1,0.80,0.6700,19.40,0.00,0.6700
BEV,Promo,Straw,9910,PVC STRAW,1,19.95,19.9500,0.00,0.00,19.9500
BEV,Sting,200ML,4149,STING 200ml RGP 24 Rs15,24,15.00,12.5000,20.00,0.00,12.5000
BEV,Sting,200ML,4167,STING 200ml RGP 24 Rs12,24,12.00,10.4167,15.20,0.00,10.4167
BEV,Sting,250ml,1886,STING 250ML CAN 24 RS35,24,35.00,32.5000,7.69,0.00,32.5000
BEV,Sting,250ml,1922,STING 250ML PET 24 RS30,24,30.00,25.5000,17.65,0.00,25.5000
BEV,Sting,250ml,1969,STING 250ML PET 28 RS30,28,30.00,25.8333,16.13,0.00,25.8333
BEV,Sting,250ml,1979,STING 250ML PET 24 RS20,24,20.00,17.9167,11.63,0.00,17.9167
BEV,Sting,250ml,1981,STING 250ML PET 30 RS20,30,20.00,18.0000,11.11,0.00,18.0000
BEV,Sting,250ml,1985,STING 250ML PET 30 RS20 PROMO,30,20.00,18.0000,11.11,0.00,18.0000
BEV,Sting,250ml,1991,STING 250ML PET 30 RS20 (Dubai Expo),30,20.00,18.0000,11.11,0.00,18.0000
BEV,Sting,250ml,1992,STING 250ML PET 30 RS20 PR-PTM,30,20.00,18.0000,11.11,0.00,18.0000
BEV,Sting,250ml,2669,STING 250ML PET 30 RS25,30,25.00,23.0000,8.70,0.00,23.0000
BEV,Sting,250ml,3565,STING 250ml CAN 24 Rs50,24,50.00,42.5000,17.65,0.00,42.5000
BEV,Sting,250ml,3567,STING 250ml CAN 24 Rs50,24,50.00,30.0000,66.67,0.00,30.0000
BEV,Sting,250ml,4261,STING 250ML CAN 24 RS30,24,30.00,27.5000,9.09,0.00,27.5000
BEV,Sting,250ml,4785,STING BLUE 250ML PET 30 RS20,30,20.00,18.0000,11.11,0.00,18.0000
BEV,Sting,500ML,4044,STING 500ml PET 24 Rs30,24,30.00,27.5000,9.09,0.00,27.5000
BEV,Sting,500ML,4350,STING 500ml PET 24 Rs35,24,35.00,32.5000,7.69,0.00,32.5000
BEV,Tata Gluco Plus,200ML,8601,TGP ORANGE 200ML CUP 24 RS12,24,12.00,9.9240,20.92,0.00,9.9240
BEV,Tata Gluco Plus,200ML,8602,TGP LEMON 200ML CUP 24 RS10,24,10.00,8.7500,14.29,0.00,8.7500
BEV,Tata Gluco Plus,200ML,8604,TGP GRAPE 200ML CUP 24 RS10,24,10.00,8.7497,14.29,0.00,8.7497
BEV,Tata Gluco Plus,200ML,8605,TGP ORANGE 200ML CUP 24 RS10,24,10.00,8.2700,20.92,0.00,8.2700
BEV,Teem,300ML,2618,TEEM SODA 300ml RGP 24 Rs4.50,24,4.50,4.2083,6.93,0.00,4.2083
BEV,Teem,300ML,2656,TEEM SODA 300ml RGP 24 Rs 6,24,6.00,4.5833,30.91,0.00,4.5833
BEV,Teem,330ml,1912,TEEM SODA 330ml PET 24 Rs10,24,10.00,8.5000,17.65,0.00,8.5000
BEV,Trop Frutz,350ml,4100,TROPICANA FRUTZ MANGO 350ml PET 24 Rs20,24,20.00,17.9167,11.63,0.00,17.9167
BEV,Trop Frutz,350ml,4101,TROPICANA APPLE 350ml PET 24 Rs20,24,20.00,17.9167,11.63,0.00,17.9167
BEV,Trop Frutz,350ml,4102,TROPICANA LITCHI 350ml PET 24 Rs20,24,20.00,17.9167,11.63,0.00,17.9167
BEV,Trop Frutz,350ml,4106,TROPICANA FRUTZ MANGO 350ML PET 24 Rs25,24,25.00,22.5000,11.11,0.00,22.5000
BEV,Trop Frutz,350ml,4107,TROPICANA LITCHI 350ML PET 24 Rs25,24,25.00,22.5000,11.11,0.00,22.5000
BEV,Trop Frutz,350ml,4108,TROPICANA APPLE 350ml PET 24 Rs25,24,25.00,22.5000,11.11,0.00,22.5000
BEV,Trop Slice,1.2L,3224,SLICE MANGO 1.2 L PET 12 Rs 55,12,55.00,51.0000,7.84,0.00,51.0000
BEV,Trop Slice,1.2L,3291,SLICE MANGO 1.2 L PET 12 Rs 58,12,58.00,54.0000,7.41,0.00,54.0000
BEV,Trop Slice,1.2L,3316,SLICE MANGO 1.2 L PET 12 Rs 62,12,62.00,57.0000,8.77,0.00,57.0000
BEV,Trop Slice,1.2L,3369,TROPICANA SLICE 1.2 L PET 12 Rs 62,12,62.00,57.0000,8.77,0.00,57.0000
BEV,Trop Slice,1.2L,3380,TROPICANA SLICE 1.2 L PET 12 RS 60,12,60.00,51.6667,16.13,0.00,51.6667
BEV,Trop Slice,1.2L,3396,TROPICANA SLICE 1.2 L PET 12 Rs 65,12,65.00,60.0000,8.33,0.00,60.0000
BEV,Trop Slice,1.2L,3497,TROPICANA SLICE 1.2 L PET 12 RS 70,12,70.00,65.0000,7.69,0.00,65.0000
BEV,Trop Slice,1.2L,4159,TROPICANA SLICE 1.2 L PET 12 RS75,12,75.00,70.0000,7.14,0.00,70.0000
BEV,Trop Slice,1.2L,4175,TROPICANA SLICE 1.2 L PET 12 RS 75 NF,12,75.00,70.0000,7.14,0.00,70.0000
BEV,Trop Slice,1.2L,4360,SLICE MANGO 1.2 L PET 15 Rs 60,15,60.00,51.6667,16.13,0.00,51.6667
BEV,Trop Slice,1.2L,4394,TROPICANA SLICE 1.2 L PET 12 RS70 PR-ATL,12,70.00,65.0000,7.69,0.00,65.0000
BEV,Trop Slice,1.75L,3376,SLICE MANGO 1.75 L PET 9 Rs 85,9,85.00,78.3334,8.51,0.00,78.3334
BEV,Trop Slice,1.75L,3378,TROPICANA SLICE 1.75 L PET 9 Rs 85,9,85.00,78.3334,8.51,0.00,78.3334
BEV,Trop Slice,1.75L,3496,TROPICANA SLICE 1.75 L PET 9 Rs 90,9,90.00,83.3333,8.00,0.00,83.3333
BEV,Trop Slice,1.75L,4124,TROPICANA SLICE 1.75 L PET 9 Rs 95,9,95.00,88.3333,7.55,0.00,88.3333
BEV,Trop Slice,1.75L,4146,TROPICANA SLICE 1.75 L PET 9 Rs 105,9,105.00,98.3333,6.78,0.00,98.3333
BEV,Trop Slice,1.75L,4176,TROPICANA SLICE 1.75 L PET 9 Rs 105 NF,9,105.00,98.3333,6.78,0.00,98.3333
BEV,Trop Slice,1.75L,4187,TROPICANA SLICE 1.75 L PET 9 RS 99 NF,9,99.00,92.3335,7.22,0.00,92.3335
BEV,Trop Slice,1.75L,4270,TROPICANA SLICE 1.75 L PET 9 Rs 99,9,99.00,92.3333,7.22,0.00,92.3333
BEV,Trop Slice,1.75L,8311,TROPICANA SLICE 1.75 L PET 9 Rs 90 PROMO,9,90.00,76.6675,17.39,0.00,76.6675
BEV,Trop Slice,125ml,3581,SLICE MANGO 125ml TETRA 40 Rs10,40,10.00,8.5000,17.65,0.00,8.5000
BEV,Trop Slice,125ml,4197,SLICE MANGO 125ml TETRA 40 Rs10 NF,40,10.00,8.5000,17.65,0.00,8.5000
BEV,Trop Slice,200ML,3218,SLICE MANGO 200ml TETRA 24 Rs12,24,12.00,11.0000,9.09,0.00,11.0000
BEV,Trop Slice,200ML,3230,SLICE MANGO 200ml TETRA 24 Rs14,24,14.00,12.8000,9.38,0.00,12.8000
BEV,Trop Slice,200ML,3232,SLICE MANGO 200ml TETRA 30 Rs12,30,12.00,10.8000,11.11,0.00,10.8000
BEV,Trop Slice,200ML,3240,SLICE MANGO 200ml RGP 24 Rs10,24,10.00,8.4167,18.81,0.00,8.4167
BEV,Trop Slice,200ML,3265,SLICE MANGO 200ml RGP 24 Rs10 UTC,24,10.00,9.1667,9.09,0.00,9.1667
BEV,Trop Slice,200ML,3281,SLICE MANGO 200ml RGP 24 Rs12,24,12.00,11.0000,9.09,0.00,11.0000
BEV,Trop Slice,200ML,3300,SLICE MANGO 200ml TETRA 30 Rs14,30,14.00,12.8000,9.38,0.00,12.8000
BEV,Trop Slice,200ML,3365,TROPICANA SLICE 200ml RGP 24 Rs10,24,10.00,8.4167,18.81,0.00,8.4167
BEV,Trop Slice,200ML,3372,SLICE MANGO 200ml TETRA 24 Rs15,24,15.00,13.0000,15.38,0.00,13.0000
BEV,Trop Slice,200ML,3374,TROPICANA SLICE 200ml RGP 24 Rs12,24,12.00,11.0000,9.09,0.00,11.0000
BEV,Trop Slice,200ML,3485,TROPICANA SLICE 200ml RGP 24 Rs14,24,14.00,12.2083,14.68,0.00,12.2083
BEV,Trop Slice,200ML,3489,TROPICANA SLICE 200ml RGP 24 Rs13,24,13.00,11.8333,9.86,0.00,11.8333
BEV,Trop Slice,200ML,4198,TROPICANA SLICE 200ml RGP 24 Rs12 NF,24,12.00,11.0000,9.09,0.00,11.0000
BEV,Trop Slice,200ML,4199,TROPICANA SLICE 200ML PET30 Rs20 NF,30,20.00,18.0000,11.11,0.00,18.0000
BEV,Trop Slice,200ML,4789,TROPICANA SLICE 200ML PET30 Rs15 NF,30,15.00,13.0000,15.38,0.00,13.0000
BEV,Trop Slice,200ML,4973,SLICE MANGO 200ml RGP 24 Rs15,24,15.00,13.2083,13.56,0.00,13.2083
BEV,Trop Slice,200ML,4975,SLICE MANGO 200ml RGP 24 Rs14,24,14.00,12.2780,14.03,0.00,12.2780
BEV,Trop Slice,200ML,4992,SLICE MANGO 200ml RGP 24 Rs12,24,12.00,10.5000,14.29,0.00,10.5000
BEV,Trop Slice,250ml,1936,SLICE FIZZY LEMON LIME 250ml PET 24 Rs12,24,12.00,11.5000,4.35,0.00,11.5000
BEV,Trop Slice,250ml,1939,SLICE FIZZY ZEERA SLIC 250ml PET 24 Rs12,24,12.00,11.5000,4.35,0.00,11.5000
BEV,Trop Slice,250ml,1946,SLICE FIZZY CLEARLEMON 250ML PET 24 Rs10,24,10.00,8.7500,14.29,0.00,8.7500
BEV,Trop Slice,250ml,1947,SLICE FIZZY APPLE 250ml PET 24 Rs 10,24,10.00,8.7500,14.29,0.00,8.7500
BEV,Trop Slice,250ml,1948,SLICE FIZZY ORANGE 250ML PET 24 Rs 10,24,10.00,8.7500,14.29,0.00,8.7500
BEV,Trop Slice,250ml,1949,SLICE FIZZY LEMON&LIME 250ml PET 24 Rs10,24,10.00,8.7500,14.29,0.00,8.7500
BEV,Trop Slice,250ml,1950,SLICE FIZZY CREAMSODA 250ml PET 24 Rs10,24,10.00,8.7500,14.29,0.00,8.7500
BEV,Trop Slice,250ml,1951,SLICE FIZZY GUAVACHILLI 250ml PET 24Rs10,24,10.00,8.7500,14.29,0.00,8.7500
BEV,Trop Slice,250ml,1952,SLICE FIZZY ZEERA SLIC 250ml PET 24 Rs10,24,10.00,8.7500,14.29,0.00,8.7500
BEV,Trop Slice,250ml,3283,SLICE MANGO 250ml RGP 24 Rs14,24,14.00,13.0000,7.69,0.00,13.0000
BEV,Trop Slice,250ml,3295,SLICE MANGO 250ml RGP 24 Rs15,24,15.00,12.5000,20.00,0.00,12.5000
BEV,Trop Slice,250ml,3367,TROPICANA SLICE 250ml RGP 24 Rs14,24,14.00,13.0000,7.69,0.00,13.0000
BEV,Trop Slice,250ml,3371,TROPICANA SLICE 250ml RGP 24 Rs15,24,15.00,12.5000,20.00,0.00,12.5000
BEV,Trop Slice,250ml,3486,TROPICANA SLICE 250ml RGP 24 Rs18,24,18.00,13.7500,30.91,0.00,13.7500
BEV,Trop Slice,250ml,3488,TROPICANA SLICE 250ml RGP 24 Rs16,24,16.00,13.0417,22.68,0.00,13.0417
BEV,Trop Slice,250ml,3493,TROPICANA SLICE 250ml PET 24 Rs20,24,20.00,17.5000,14.29,0.00,17.5000
BEV,Trop Slice,250ml,3494,TROPICANA ORANGE FRUTZ 250ML PET 24 RS20,24,20.00,17.9167,11.63,0.00,17.9167
BEV,Trop Slice,250ml,3499,TROPICANA SLICE 250ml PET 28 Rs20,28,20.00,17.2222,16.13,0.00,17.2222
BEV,Trop Slice,250ml,3597,TROPICANA SLICE 250ml RGP 24 Rs25,24,25.00,16.6667,50.00,0.00,16.6667
BEV,Trop Slice,250ml,4173,TROPICANA SLICE 250ml PET 30 Rs20 NF,30,20.00,18.0000,11.11,0.00,18.0000
BEV,Trop Slice,250ml,4345,TROPICANA SLICE 250ml PET 30 Rs20,30,20.00,18.0000,11.11,0.00,18.0000
BEV,Trop Slice,250ml,4390,TROPICANA SLICE 250ml PET 30 Rs15,30,15.00,13.0000,15.38,0.00,13.0000
BEV,Trop Slice,250ml,4392,TROPICANA SLICE 250ml PET 30 Rs20 PR-ATL,30,20.00,18.0000,11.11,0.00,18.0000
BEV,Trop Slice,250ml,4768,TROPICANA SLICE 250ml RGP24 Rs15 NF,24,15.00,12.5000,20.00,0.00,12.5000
BEV,Trop Slice,250ml,4974,SLICE MANGO 250ml RGP 24 Rs20,24,20.00,17.5000,14.29,0.00,17.5000
BEV,Trop Slice,350ml,3268,SLICE MANGO 350ml PET 24 Rs20,24,20.00,17.9167,11.63,0.00,17.9167
BEV,Trop Slice,350ml,3335,SLICE MANGO 350ml PET 24 Rs23,24,23.00,21.2500,8.24,0.00,21.2500
BEV,Trop Slice,350ml,3495,TROPICANA SLICE 350ml PET 24 Rs50,24,50.00,30.0000,66.67,0.00,30.0000
BEV,Trop Slice,400ml,3381,TROPICANA SLICE 400ml PET 24 RS25,24,25.00,22.5000,11.11,0.00,22.5000
BEV,Trop Slice,500ML,3213,SLICE MANGO 500ml PET 24 Rs25,24,25.00,23.5000,6.38,0.00,23.5000
BEV,Trop Slice,500ML,3259,SLICE MANGO 500ml PET 24 Rs28,24,28.00,26.5000,5.66,0.00,26.5000
BEV,Trop Slice,600ml,3293,SLICE MANGO 600ml PET 24 Rs32,24,32.00,29.5000,8.47,0.00,29.5000
BEV,Trop Slice,600ml,3312,SLICE MANGO 600ml PET 24 Rs32 PROMO,24,32.00,29.5000,8.47,0.00,29.5000
BEV,Trop Slice,600ml,3313,SLICE MANGO 600ml (DUSSEHRI) PET 24 Rs32,24,32.00,30.0833,6.37,0.00,30.0833
BEV,Trop Slice,600ml,3314,SL MANGO BANGANAPALLI 600ml PET 24 RS32,24,32.00,30.0833,6.37,0.00,30.0833
BEV,Trop Slice,600ml,3315,SLICE MANGO 600ml (KESAR) PET 24 Rs32,24,32.00,30.0833,6.37,0.00,30.0833
BEV,Trop Slice,600ml,3325,SLICE MANGO 600ml (KESAR) PET 24 Rs35,24,35.00,32.0000,9.38,0.00,32.0000
BEV,Trop Slice,600ml,3328,SLICE MANGO 600ml (DUSSEHRI) PET 24 Rs33,24,33.00,31.0833,6.17,0.00,31.0833
BEV,Trop Slice,600ml,3333,SLICE MANGO 600ml PET 24 Rs35,24,35.00,32.5000,7.69,0.00,32.5000
BEV,Trop Slice,600ml,3337,SLICE MANGO 600ml (KESAR) PET 24 Rs33,24,33.00,31.0833,6.17,0.00,31.0833
BEV,Trop Slice,600ml,3338,SL/MANGO 600ml (BANGANAPALLI)PET 24 RS33,24,33.00,31.0833,6.17,0.00,31.0833
BEV,Trop Slice,600ml,3366,TROPICANA SLICE 600ml PET 24 Rs35,24,35.00,32.5000,7.69,0.00,32.5000
BEV,Trop Slice,600ml,3399,TROPICANA SLICE 600ml PET 24 Rs37,24,37.00,34.5000,7.25,0.00,34.5000
BEV,Trop Slice,600ml,4174,TROPICANA SLICE 600ml PET 24 Rs40 NF,24,40.00,37.5000,6.67,0.00,37.5000
BEV,Trop Slice,600ml,4344,TROPICANA SLICE 600ml PET 24 Rs40,24,40.00,37.5000,6.67,0.00,37.5000
BEV,Trop Slice,600ml,4393,TROPICANA SLICE 600ml PET 24 Rs40 PR-ATL,24,40.00,37.5000,6.67,0.00,37.5000
BEV,Trop Slice,600ml,4972,TROPICANA SLICE 600ml PET 24 Rs38,24,38.00,35.5000,7.04,0.00,35.5000
BEV,Tropicana,1000ml,8468,TROP PR GUAVA DELIGHT 1000ML PET 12 Rs99,12,99.00,92.0000,7.61,0.00,92.0000
BEV,Tropicana,1000ml,8480,TROP PR GUAVA DEL 1000 ML PET 12 Rs100,12,100.00,87.5000,14.29,0.00,87.5000
BEV,Tropicana,1000ml,8483,TROP PR MIXFRUIT DEL 1000 ML PET12 Rs100,12,100.00,87.5000,14.29,0.00,87.5000
BEV,Tropicana,1000ml,8489,TROP PR GUAVA DEL 1000 ML PET 12 Rs80,12,80.00,70.0000,14.29,0.00,70.0000
BEV,Tropicana,1000ml,8490,TROP PR MIXFRUIT DEL 1000 ML PET12 Rs80,12,80.00,70.0000,14.29,0.00,70.0000
BEV,Tropicana,1000ml,8491,TROP PR ORANGE DELIGH 1000ML PET 12 Rs80,12,80.00,69.9974,14.29,0.00,69.9974
BEV,Tropicana,1000ml,8492,TROP PR POMEG DEL 1000 ML PET 12 Rs80,12,80.00,69.9974,14.29,0.00,69.9974
BEV,Tropicana,125ml,8519,TROP PR JUICY APPLE 125ML TETRA40 RS10,40,10.00,8.5000,17.65,0.00,8.5000
BEV,Tropicana,180ml,4136,TROP PR GUAVA 180ml TETRA 30 Rs 20,30,20.00,17.5000,14.29,0.00,17.5000
BEV,Tropicana,180ml,4137,TROP PR MIXED 180ml TETRA 30 Rs 20,30,20.00,17.5000,14.29,0.00,17.5000
BEV,Tropicana,180ml,4138,TROP PR JUICY APPLE 180ML TETRA 30 RS20,30,20.00,17.5000,14.29,0.00,17.5000
BEV,Tropicana,180ml,4145,TROP PR LITCHI DLGHT 180ML TETRA 30 Rs20,30,20.00,17.5000,14.29,0.00,17.5000
BEV,Tropicana,180ml,4151,TROP PR POMEG DLGHT 180ML TETRA 30 Rs20,30,20.00,17.5000,14.29,0.00,17.5000
BEV,Tropicana,180ml,4152,TROP PR PINAPLE DLHT 180ML TETRA 30 Rs20,30,20.00,17.5000,14.29,0.00,17.5000
BEV,Tropicana,180ml,4153,TROP PR ORANGE DLGHT 180ML TETRA 30 Rs20,30,20.00,17.5000,14.29,0.00,17.5000
BEV,Tropicana,180ml,4155,TROP PR MANGO DLGHT 180ml TETRA 30 Rs 20,30,20.00,17.5000,14.29,0.00,17.5000
BEV,Tropicana,180ml,8317,TROP PR ORANGE DELIGHT 180ML PET30 Rs20,30,20.00,17.5000,14.29,0.00,17.5000
BEV,Tropicana,180ml,8318,TROP PR POMEGRANATE DEL 180ML PET30 Rs20,30,20.00,17.5000,14.29,0.00,17.5000
BEV,Tropicana,180ml,8319,TROP PR APPLE DELIGHT 180ML PET30 Rs20,30,20.00,18.0002,11.11,0.00,18.0002
BEV,Tropicana,180ml,8320,TROP PR LITCHI DELIGHT 180ML PET30 Rs20,30,20.00,17.5000,14.29,0.00,17.5000
BEV,Tropicana,180ml,8321,TROP PR GUAVA DELIGHT 180ML PET30 Rs20,30,20.00,17.5000,14.29,0.00,17.5000
BEV,Tropicana,180ml,8322,TROP PR MIX FRUIT DEL 180ML PET30 Rs20,30,20.00,17.5000,14.29,0.00,17.5000
BEV,Tropicana,180ml,8325,TROP PR APPLE DELIGHT 180ML PET30 Rs15,30,15.00,13.0000,15.38,0.00,13.0000
BEV,Tropicana,180ml,8326,TROP PR LITCHI DELIGHT 180ML PET30 Rs15,30,15.00,13.0000,15.38,0.00,13.0000
BEV,Tropicana,180ml,8327,TROP PR GUAVA DELIGHT 180ML PET30 Rs15,30,15.00,13.0000,15.38,0.00,13.0000
BEV,Tropicana,180ml,8328,TROP PR MIX FRUIT DEL 180ML PET30 Rs15,30,15.00,13.0000,15.38,0.00,13.0000
BEV,Tropicana,180ml,8547,TROP PR MIXED 180ml TETRA 30 Rs20 NF,30,20.00,17.5000,14.29,0.00,17.5000
BEV,Tropicana,1L,8305,TROP PR PINEAPPLE 1 L TETRA 12 Rs100 PRO,12,100.00,80.0000,25.00,0.00,80.0000
BEV,Tropicana,1L,8323,TROP PR CRANBERRY TWIR 1 L TETRA12 Rs135,12,135.00,118.1250,14.29,0.00,118.1250
BEV,Tropicana,1L,8400,TROP PG APPLE 1 L TETRA 12 Rs120,12,120.00,105.2632,14.00,0.00,105.2632
BEV,Tropicana,1L,8402,TROP ESS FR VEG 1 L TETRA 12 Rs149,12,149.00,130.6730,14.03,0.00,130.6730
BEV,Tropicana,1L,8404,TROP ESS IRON 1 L TETRA 12 Rs149,12,149.00,130.6730,14.03,0.00,130.6730
BEV,Tropicana,1L,8406,TROP PG GRAPE 1 L TETRA 12 Rs120,12,120.00,105.2632,14.00,0.00,105.2632
BEV,Tropicana,1L,8407,TROP PG MIXED FRUIT 1 L TETRA 12 Rs120,12,120.00,105.2632,14.00,0.00,105.2632
BEV,Tropicana,1L,8409,TROP PG ORANGE 1 L TETRA 12 Rs120,12,120.00,105.2632,14.00,0.00,105.2632
BEV,Tropicana,1L,8411,TROP PR GUAVA 1 L TETRA 12 Rs99,12,99.00,86.8230,14.03,0.00,86.8230
BEV,Tropicana,1L,8412,TROP PR JUICY APPLE 1 L TETRA 12 Rs99,12,99.00,86.8230,14.03,0.00,86.8230
BEV,Tropicana,1L,8413,TROPPR JUICY ORANGE 1L TETRA 12 Rs99,12,99.00,86.8230,14.03,0.00,86.8230
BEV,Tropicana,1L,8414,TROP PR LYCHEE TWIRL 1L TETRA 12 Rs99,12,99.00,86.8230,14.03,0.00,86.8230
BEV,Tropicana,1L,8415,TROP PR MANGO 1 L TETRA 12 Rs99,12,99.00,86.8230,14.03,0.00,86.8230
BEV,Tropicana,1L,8416,TROP PR MIXED FRUIT 1 L TETRA 12 Rs99,12,99.00,86.8230,14.03,0.00,86.8230
BEV,Tropicana,1L,8417,TROP PR MOSAMBI 1 L TETRA 12 Rs110,12,110.00,96.4700,14.03,0.00,96.4700
BEV,Tropicana,1L,8419,TROP PR CRANBERRY TWIRL1LT TETRA12 Rs110,12,110.00,96.2500,14.29,0.00,96.2500
BEV,Tropicana,1L,8420,TROP PR PINEAPPLE 1 L TETRA 12 Rs99,12,99.00,86.8230,14.03,0.00,86.8230
BEV,Tropicana,1L,8421,TROP PR POMEGRANATE 1 L TETRA 12 Rs110,12,110.00,96.2500,14.29,0.00,96.2500
BEV,Tropicana,1L,8422,TROP PR TOMATO 1 L TETRA 12 Rs99,12,99.00,86.8230,14.03,0.00,86.8230
BEV,Tropicana,1L,8423,TROP FRUTZ APPLE 1 L TETRA 12 Rs99,12,99.00,86.8421,14.00,0.00,86.8421
BEV,Tropicana,1L,8424,TROP FRUTZ LYCHEE 1L TETRA 12 Rs99,12,99.00,86.8421,14.00,0.00,86.8421
BEV,Tropicana,1L,8425,TROP PG APPLE 1 L TETRA 12 Rs130,12,130.00,113.7500,14.29,0.00,113.7500
BEV,Tropicana,1L,8426,TROP PG GRAPE 1 L TETRA 12 Rs130,12,130.00,114.0100,14.03,0.00,114.0100
BEV,Tropicana,1L,8427,TROP PG MIXED FRUIT 1 L TETRA 12 Rs130,12,130.00,113.7500,14.29,0.00,113.7500
BEV,Tropicana,1L,8428,TROP PG ORANGE 1 L TETRA 12 Rs130,12,130.00,113.7500,14.29,0.00,113.7500
BEV,Tropicana,1L,8429,TROP PG APPLE 1 L TETRA 12 Rs120 Promo,12,120.00,105.2632,14.00,0.00,105.2632
BEV,Tropicana,1L,8430,TROP PG MIXED FRUIT 1L TETRA 12 Rs120 PR,12,120.00,105.2632,14.00,0.00,105.2632
BEV,Tropicana,1L,8431,TROP PG ORANGE 1 L TETRA 12 Rs120 PROMO,12,120.00,105.2632,14.00,0.00,105.2632
BEV,Tropicana,1L,8432,TROP PR GUAVA 1 L TETA 12 Rs99 PROMO,12,99.00,86.8421,14.00,0.00,86.8421
BEV,Tropicana,1L,8433,TROP PR JUICY ORANGE 1 L TETRA 12 Rs99 P,12,99.00,86.8421,14.00,0.00,86.8421
BEV,Tropicana,1L,8434,TROP PR MIXED FRUIT 1L TETRA 12 Rs99 PRO,12,99.00,86.8421,14.00,0.00,86.8421
BEV,Tropicana,1L,8435,TROP PR POMEGRANATE 1 L TETRA 12 Rs110P,12,110.00,96.4912,14.00,0.00,96.4912
BEV,Tropicana,1L,8436,TROP PG MIXED FRUIT 200ml TETRA 30 Rs70,12,70.00,61.4035,14.00,0.00,61.4035
BEV,Tropicana,1L,8437,TROP PR LYCHEE TWIRL 200ml TETRA 30 Rs70,12,70.00,61.4035,14.00,0.00,61.4035
BEV,Tropicana,1L,8438,TROP PR MANGO 200ml TETRA 30 Rs70,12,70.00,61.4035,14.00,0.00,61.4035
BEV,Tropicana,1L,8439,TROP PG ORANGE 200ml TETRA 30 Rs70,12,70.00,61.4035,14.00,0.00,61.4035
BEV,Tropicana,1L,8440,TROP PR GUAVA 200ml TETRA 30 Rs70,12,70.00,61.4035,14.00,0.00,61.4035
BEV,Tropicana,1L,8441,TROP PG APPLE 200 ML TETRA 30 Rs70,12,70.00,61.4035,14.00,0.00,61.4035
BEV,Tropicana,1L,8444,TROP PR LYCHEE TWIRL 200ml TETRA 30Rs20F,12,20.00,17.5439,14.00,0.00,17.5439
BEV,Tropicana,1L,8447,TROP ESS MUVITAMINS 1 L TETRA 12 Rs149,12,149.00,130.6730,14.03,0.00,130.6730
BEV,Tropicana,1L,8452,TROP PG APPLE 1 L TETRA 12 Rs135,12,135.00,118.1250,14.29,0.00,118.1250
BEV,Tropicana,1L,8453,TROP PG GRAPE 1 L TETRA 12 Rs135,12,135.00,118.1250,14.29,0.00,118.1250
BEV,Tropicana,1L,8454,TROP PG MIXED FRUIT 1 L TETRA 12 Rs135,12,135.00,118.1250,14.29,0.00,118.1250
BEV,Tropicana,1L,8455,TROP PG ORANGE  1 L TETRA 12 Rs135,12,135.00,118.1250,14.29,0.00,118.1250
BEV,Tropicana,1L,8456,TROP PR GUAVA 1 L TETRA 12 Rs100,12,100.00,87.5000,14.29,0.00,87.5000
BEV,Tropicana,1L,8457,TROP PR JUICY APPLE 1 L TETRA 12 Rs100,12,100.00,87.5000,14.29,0.00,87.5000
BEV,Tropicana,1L,8458,TROP PR JUICY ORANGE 1 L TETRA 12 Rs110,12,110.00,96.2500,14.29,0.00,96.2500
BEV,Tropicana,1L,8459,TROP PR LYCHEE TWIRL 1 L TETRA 12 Rs110,12,110.00,96.2500,14.29,0.00,96.2500
BEV,Tropicana,1L,8460,TROP PR MANGO 1 L TETRA 12 Rs100,12,100.00,87.5000,14.29,0.00,87.5000
BEV,Tropicana,1L,8461,TROP PR MIXED FRUIT 1 L TETRA 12 Rs100,12,100.00,87.5000,14.29,0.00,87.5000
BEV,Tropicana,1L,8462,TROP PR PINEAPPLE 1 L TETRA 12 Rs100,12,100.00,87.5000,14.29,0.00,87.5000
BEV,Tropicana,1L,8463,TROP ESS IRON 1 L TETRA 12 Rs135,12,135.00,118.1250,14.29,0.00,118.1250
BEV,Tropicana,1L,8464,TROP PR TOMATO 1 L TETRA 12 Rs100,12,100.00,87.5000,14.29,0.00,87.5000
BEV,Tropicana,1L,8465,TROP ESS FR VEG 1 L TETRA 12 Rs135,12,135.00,118.3950,14.03,0.00,118.3950
BEV,Tropicana,1L,8478,TROP PR ORANGE DEL 1000 ML PET 12 Rs110,12,110.00,96.2500,14.29,0.00,96.2500
BEV,Tropicana,1L,8479,TROP PR APPLEDELIGHT 1000 ML PET12 Rs100,12,100.00,87.5000,14.29,0.00,87.5000
BEV,Tropicana,1L,8488,TROP PR ORANGE DEL 1000 ML PET 12 Rs100,12,100.00,91.6667,9.09,0.00,91.6667
BEV,Tropicana,1L,8493,TROP PR APPLE DELIGHT 1000 ML PET12 Rs80,12,80.00,69.9974,14.29,0.00,69.9974
BEV,Tropicana,1L,8494,TROP PR JUICY APPLE 1 L TETRA 12 Rs105,12,105.00,91.8750,14.29,0.00,91.8750
BEV,Tropicana,1L,8495,TROP PR MIXED FRUIT 1 L TETRA 12 Rs110,12,110.00,96.2500,14.29,0.00,96.2500
BEV,Tropicana,1L,8508,TROP PR CRANBERRY TWIR 1 L TETRA12 Rs115,12,115.00,100.6250,14.29,0.00,100.6250
BEV,Tropicana,1L,8509,TROP PR POMEGRANATE 1 L TETRA12 Rs115,12,115.00,100.6250,14.29,0.00,100.6250
BEV,Tropicana,1L,8510,TROP PR PINEAPPLE 1 L TETRA12 Rs105,12,105.00,91.8750,14.29,0.00,91.8750
BEV,Tropicana,1L,8511,TROP PR MIXED FRUIT 1 L TETRA 12 Rs115,12,115.00,100.6250,14.29,0.00,100.6250
BEV,Tropicana,1L,8512,TROP PR GUAVA 1 L TETRA 12 Rs105,12,105.00,91.8750,14.29,0.00,91.8750
BEV,Tropicana,1L,8513,TROP PR MANGO 1 L TETRA 12 Rs105,12,105.00,91.8750,14.29,0.00,91.8750
BEV,Tropicana,1L,8514,TROP PG ORANGE 1 L TETRA 12 Rs140,12,140.00,122.5000,14.29,0.00,122.5000
BEV,Tropicana,1L,8515,TROP PR PINEAPPLE 1 L TETRA 12 Rs110,12,110.00,96.2500,14.29,0.00,96.2500
BEV,Tropicana,1L,8516,TROP PR JUICY ORANGE 1 L TETRA 12 Rs115,12,115.00,100.6250,14.29,0.00,100.6250
BEV,Tropicana,1L,8517,TROP PG MIXED FRUIT 1L TETRA 12 Rs140,12,140.00,122.5000,14.29,0.00,122.5000
BEV,Tropicana,1L,8520,TROP PR GUAVA 1 L TETRA 12 Rs110,12,110.00,96.2500,14.29,0.00,96.2500
BEV,Tropicana,1L,8521,TROP PG APPLE 1 L TETRA 12 Rs140,12,140.00,122.5000,14.29,0.00,122.5000
BEV,Tropicana,1L,8523,TROP PR MIXED FRUIT 1 L TETRA 12 Rs118,12,118.00,103.2500,14.29,0.00,103.2500
BEV,Tropicana,1L,8524,TROP PR LYCHEE TWIRL 1 L TETRA 12 Rs115,12,115.00,100.6250,14.29,0.00,100.6250
BEV,Tropicana,1L,8525,TROP PR POMEGRANATE 1 L TETRA12 Rs123,12,123.00,107.6250,14.29,0.00,107.6250
BEV,Tropicana,1L,8526,TROP PR JUICY ORANGE 1 L TETRA 12 Rs118,12,118.00,103.2500,14.29,0.00,103.2500
BEV,Tropicana,1L,8527,TROP PR CRANBERRY TWIR 1 L TETRA12 Rs118,12,118.00,103.2500,14.29,0.00,103.2500
BEV,Tropicana,1L,8531,TROP PR MIXED FRUIT 1 L TETRA 12 Rs120,12,120.00,105.0000,14.29,0.00,105.0000
BEV,Tropicana,1L,8532,TROP PR LYCHEE TWIRL 1 L TETRA 12 Rs120,12,120.00,105.0000,14.29,0.00,105.0000
BEV,Tropicana,1L,8533,TROP PR JUICY APPLE 1 L TETRA 12 Rs113,12,113.00,98.8750,14.29,0.00,98.8750
BEV,Tropicana,1L,8534,TROP PR JUICY ORANGE 1 L TETRA 12 Rs120,12,120.00,105.0000,14.29,0.00,105.0000
BEV,Tropicana,1L,8535,TROP PR CRANBERRY TWIR 1 L TETRA12 Rs123,12,123.00,107.6250,14.29,0.00,107.6250
BEV,Tropicana,1L,8536,TROP PR PINEAPPLE 1 L TETRA 12 Rs115,12,115.00,100.6250,14.29,0.00,100.6250
BEV,Tropicana,1L,8537,TROP PR POMEGRANATE 1 L TETRA12 Rs125,12,125.00,109.3750,14.29,0.00,109.3750
BEV,Tropicana,1L,8538,TROP PR MANGO 1 L TETRA 12 Rs110,12,110.00,96.2500,14.29,0.00,96.2500
BEV,Tropicana,1L,8539,TROP PG ORANGE 1 L TETRA 12 Rs145,12,145.00,126.8750,14.29,0.00,126.8750
BEV,Tropicana,1L,8540,TROP PG APPLE 1 L TETRA 12 Rs145,12,145.00,126.8750,14.29,0.00,126.8750
BEV,Tropicana,1L,8541,TROP PG MIXED FRUIT 1L TETRA 12 Rs145,12,145.00,126.8750,14.29,0.00,126.8750
BEV,Tropicana,1L,8542,TROP PR GUAVA 1 L TETRA 12 Rs115,12,115.00,100.6250,14.29,0.00,100.6250
BEV,Tropicana,1L,8543,TROP PR MANGO 1 L TETRA 12 Rs115,12,115.00,99.7345,15.31,0.00,99.7345
BEV,Tropicana,1L,8544,TROP PR PINEAPPLE 1 L TETRA 12 Rs125,12,125.00,109.3750,14.29,0.00,109.3750
BEV,Tropicana,1L,8545,TROP PR MIXED FRUIT 1 L TETRA 12 Rs125,12,125.00,110.0000,13.64,0.00,110.0000
BEV,Tropicana,1L,8546,TROP PR LYCHEE TWIRL 1 L TETRA 12 Rs123,12,123.00,107.6250,14.29,0.00,107.6250
BEV,Tropicana,1L,8548,TROP PR MIXED FRUIT 1L TETRA 12 Rs125 NF,12,125.00,110.0000,13.64,0.00,110.0000
BEV,Tropicana,200ML,3615,TROP PG MIXED FRUIT 200ML TETRA 30 RS 20,30,20.00,17.5400,14.03,0.00,17.5400
BEV,Tropicana,200ML,3619,TROP PG APPLE 200ml TETRA 30 Rs 20,30,20.00,17.5400,14.03,0.00,17.5400
BEV,Tropicana,200ML,3621,TROP PG ORANGE 200ml TETRA 30 Rs 20,30,20.00,17.5400,14.03,0.00,17.5400
BEV,Tropicana,200ML,3651,TROP PR POMEGRANATE 200 ML TETRA 30 Rs20,30,20.00,17.5000,14.29,0.00,17.5000
BEV,Tropicana,200ML,3652,TROP PR LYCHEE TWIRL 200ml TETRA 30 Rs20,30,20.00,17.5000,14.29,0.00,17.5000
BEV,Tropicana,200ML,3653,TROP PR MIXED 200ml TETRA 30 Rs 20,30,20.00,17.5000,14.29,0.00,17.5000
BEV,Tropicana,200ML,3654,TROP PR PINEAPPLE 200ml TETRA 30 Rs 20,30,20.00,17.5000,14.29,0.00,17.5000
BEV,Tropicana,200ML,3655,TROP PR GUAVA 200ml TETRA 30 Rs 20,30,20.00,17.5000,14.29,0.00,17.5000
BEV,Tropicana,200ML,3656,TROP PR JUICY ORANGE 200ml TETRA 30 Rs20,30,20.00,17.5000,14.29,0.00,17.5000
BEV,Tropicana,200ML,3661,TROP PR JUICY APPLE 200ML TETRA 30 RS20,30,20.00,17.5000,14.29,0.00,17.5000
BEV,Tropicana,200ML,3673,TROP PR MANGO 200ml TETRA 30 Rs20,30,20.00,17.5000,14.29,0.00,17.5000
BEV,Tropicana,200ML,3680,TROP PR ORANGE DELIGHT 200ML PET 24 Rs20,24,20.00,17.5000,14.29,0.00,17.5000
BEV,Tropicana,200ML,3681,TROP PR GUAVA DELIGHT 200 ML PET 24 Rs20,24,20.00,17.5000,14.29,0.00,17.5000
BEV,Tropicana,200ML,3682,TROPPR LITCHI DELIGHT 200ML PET 24Rs20,24,20.00,17.5000,14.29,0.00,17.5000
BEV,Tropicana,200ML,3683,TROP PR POMEGRANATE DELIGHT 200 ML PET 2,24,20.00,17.5000,14.29,0.00,17.5000
BEV,Tropicana,200ML,3684,TROP PR APPLE DELIGHT 200 ML PET 24 Rs20,24,20.00,17.5000,14.29,0.00,17.5000
BEV,Tropicana,200ML,3685,TROP PR MIX FRUIT DELIGHT 200 ML PET 24,24,20.00,17.5000,14.29,0.00,17.5000
BEV,Tropicana,200ML,3696,TROP PR APPLE DELIGHT 200ML PET30 Rs20,30,20.00,17.5000,14.29,0.00,17.5000
BEV,Tropicana,200ML,3697,TROP PR GUAVA DELIGHT 200ML PET30 Rs20,30,20.00,17.5000,14.29,0.00,17.5000
BEV,Tropicana,200ML,3698,TROP PR LITCHI DELIGHT 200ML PET30 Rs20,30,20.00,17.5000,14.29,0.00,17.5000
BEV,Tropicana,200ML,3699,TROP PR MIX FRUIT DEL 200ML PET30 Rs20,30,20.00,17.5000,14.29,0.00,17.5000
BEV,Tropicana,200ML,8300,TROP PR LY TRL 200ml TETRA 30 Rs20 PROMO,30,20.00,16.0000,25.00,0.00,16.0000
BEV,Tropicana,200ML,8301,TROP PR GUAVA 200ml TETRA 30 Rs 20 PROMO,30,20.00,16.0000,25.00,0.00,16.0000
BEV,Tropicana,200ML,8302,TROP PR MANGO 200ml TETRA 30 Rs20 PROMO,30,20.00,16.0000,25.00,0.00,16.0000
BEV,Tropicana,200ML,8303,TROP PG MXD FRT 200ml TTRA 30 Rs30 PROMO,30,30.00,24.0000,25.00,0.00,24.0000
BEV,Tropicana,200ML,8304,TROP PG ORANGE 200ml TTRA 30 Rs 30 PROMO,30,30.00,24.0000,25.00,0.00,24.0000
BEV,Tropicana,200ML,8306,TROP PG APPLE 200ml TETRA 30 Rs 30 PROMO,30,30.00,24.0000,25.00,0.00,24.0000
BEV,Tropicana,200ML,8309,TROP PR PINAPPL 200ml TETRA 30 Rs20 PROM,30,20.00,16.0000,25.00,0.00,16.0000
BEV,Tropicana,200ML,8312,TROP PR APPLE DELIGHT200ML PET30 Rs20 HF,30,20.00,17.5000,14.29,0.00,17.5000
BEV,Tropicana,200ML,8313,TROP PR GUAVA DELIGHT200ML PET30 Rs20 HF,30,20.00,17.5000,14.29,0.00,17.5000
BEV,Tropicana,200ML,8314,TROP PR MIX FRUIT DEL200ML PET30 Rs20 HF,30,20.00,17.5000,14.29,0.00,17.5000
BEV,Tropicana,200ML,8315,TROP PR LITCHI DELIGHT200ML PET30Rs20 HF,30,20.00,17.5000,14.29,0.00,17.5000
BEV,Tropicana,200ML,8316,TROP PR POMEGRANAT DEL200ML PET30Rs20 HF,30,20.00,17.5000,14.29,0.00,17.5000
BEV,Tropicana,200ML,8329,TROP PR MIX FRUIT DEL200ML PET30 Rs15 NF,30,15.00,13.0000,15.38,0.00,13.0000
BEV,Tropicana,200ML,8330,TROP PR GUAVA DELIGHT200ML PET30 Rs15 HF,30,15.00,13.0000,15.38,0.00,13.0000
BEV,Tropicana,200ML,8401,TROP PG APPLE 200ml TETRA 30 Rs 30,30,30.00,26.2333,14.36,0.00,26.2333
BEV,Tropicana,200ML,8403,TROP ESS FR VEG 200ML TETRA 30 Rs 30,30,30.00,26.3100,14.03,0.00,26.3100
BEV,Tropicana,200ML,8405,TROP ESS IRON 200ML TETRA 30 Rs 30,30,30.00,26.3100,14.03,0.00,26.3100
BEV,Tropicana,200ML,8408,TROP PG MIXED FRUIT 200ml TETRA 30 Rs30,30,30.00,26.2333,14.36,0.00,26.2333
BEV,Tropicana,200ML,8410,TROP PG ORANGE 200ml TETRA 30 Rs 30,30,30.00,26.2333,14.36,0.00,26.2333
BEV,Tropicana,200ML,8418,TROP PR MOSAMBI 200ml TETRA 30 Rs 20,30,20.00,17.5400,14.03,0.00,17.5400
BEV,Tropicana,200ML,8442,TROP PR MIXED FRUIT 200ml TETRA 30 Rs20F,30,20.00,17.5400,14.03,0.00,17.5400
BEV,Tropicana,200ML,8443,TROP PR GUAVA 200ml TETRA 30 Rs20 Free,30,20.00,17.5439,14.00,0.00,17.5439
BEV,Tropicana,200ML,8445,TROP ESS FR VEG 200ML TETRA 30 Rs 30FREE,30,30.00,26.3158,14.00,0.00,26.3158
BEV,Tropicana,200ML,8446,TROP ESS IRON 200ML TETRA 30 Rs 30 FREE,30,30.00,26.3158,14.00,0.00,26.3158
BEV,Tropicana,200ML,8448,TROP ESS MUVITAMINS 200ML TETRA 30 Rs 30,30,30.00,26.3100,14.03,0.00,26.3100
BEV,Tropicana,200ML,8472,TROP PG MIXED FRUIT 200 ML PET 24 Rs30,24,30.00,27.9167,7.46,0.00,27.9167
BEV,Tropicana,200ML,8473,TROP PG APPLE 200 ML PET 24 Rs30,24,30.00,27.9167,7.46,0.00,27.9167
BEV,Tropicana,200ML,8474,TROP PG ORANGE 200 ML PET 24 Rs30,24,30.00,27.9167,7.46,0.00,27.9167
BEV,Tropicana,200ML,8501,TROP PR ORANGE DELIGHT 200ML PET30 Rs20,30,20.00,17.5000,14.29,0.00,17.5000
BEV,Tropicana,200ML,8502,TROP PR POMEGRANATE DEL 200ML PET30 Rs20,30,20.00,17.5000,14.29,0.00,17.5000
BEV,Tropicana,200ML,8530,TROPICANA GIFTPACK(6 x 200ML RS149) X 10,60,24.83,19.8640,25.00,0.00,19.8640
BEV,Tropicana,250ml,3205,TROP TWISTER 'APPLE 250ml RGP 24 Rs12,24,12.00,10.5240,14.03,0.00,10.5240
BEV,Tropicana,250ml,4267,TROP PR LTCHI DELGHT 250ML PET30 Rs20 HF,30,20.00,18.0000,11.11,0.00,18.0000
BEV,Tropicana,250ml,4268,TROP PR POMGRNAT DEL 250ML PET30 Rs20 HF,30,20.00,18.0000,11.11,0.00,18.0000
BEV,Tropicana,250ml,8498,TROP PR APPLE DELIGT 250ML PET 24Rs20 HF,24,20.00,17.5000,14.29,0.00,17.5000
BEV,Tropicana,250ml,8499,TROP PR MIX FRUT DEL 250ML PET 24RS20 HF,24,20.00,17.5000,14.29,0.00,17.5000
BEV,Tropicana,250ml,8500,TROP PR GUAVA DELIHT 250ML PET 24Rs20 HF,24,20.00,17.5000,14.29,0.00,17.5000
BEV,Tropicana,250ml,8505,TROP PR APPLE DELIGT 250ML PET 30Rs20 HF,30,20.00,18.0000,11.11,0.00,18.0000
BEV,Tropicana,250ml,8506,TROP PR MIX FRUT DEL 250ML PET 30RS20 HF,30,20.00,18.0000,11.11,0.00,18.0000
BEV,Tropicana,250ml,8507,TROP PR GUAVA DELIHT 250ML PET 30Rs20 HF,30,20.00,18.0000,11.11,0.00,18.0000
BEV,Tropicana,250ml,8550,TROP PR APPLE DELIGT 250ML PET 30Rs15 HF,30,15.00,13.0000,15.38,0.00,13.0000
BEV,Tropicana,250ml,8551,TROP PR LYCHEE DEL 250ML PET30 Rs15 HF,30,15.00,13.0000,15.38,0.00,13.0000
BEV,Tropicana,500ML,3354,TROP MIX FRUIT PET 500ML 24 RS 40,24,40.00,37.4988,6.67,0.00,37.4988
BEV,Tropicana,500ML,3382,TROP SLICE MIXFRUITJUICE500ML 24PET RS35,24,35.00,32.7500,6.87,0.00,32.7500
BEV,Tropicana,500ML,3686,TROP PR MIX FRUIT DEL 500 ML PET 24 RS40,24,40.00,37.5000,6.67,0.00,37.5000
BEV,Tropicana,500ML,3687,TROP PR LITCHI DELIGHT 500 ML PET 24Rs40,24,40.00,37.5000,6.67,0.00,37.5000
BEV,Tropicana,500ML,3688,TROP PR GUAVA DELIGHT 500 ML PET 24 Rs40,24,40.00,37.5000,6.67,0.00,37.5000
BEV,Tropicana,500ML,3689,TROP PR POMEGRANATE DEL 500ML PET 24RS40,24,40.00,37.5000,6.67,0.00,37.5000
BEV,Tropicana,500ML,3690,TROP PR MIX FRUIT DEL 500MLPET 24RS40 HF,24,40.00,37.4988,6.67,0.00,37.4988
BEV,Tropicana,500ML,3691,TROP PR GUAVA DELIGT 500 MLPET 24Rs40 HF,24,40.00,37.5000,6.67,0.00,37.5000
BEV,Tropicana,500ML,3692,TROP PR APPLE DELIGT 500 MLPET 24Rs40 HF,24,40.00,37.4988,6.67,0.00,37.4988
BEV,Tropicana,500ML,8307,TROP PR GUAVA DELGT 500 MLPET 24Rs40 PRO,24,40.00,37.4988,6.67,0.00,37.4988
BEV,Tropicana,500ML,8308,TROP PR APPLE DELGT 500 MLPET 24Rs40 PRO,24,40.00,37.4988,6.67,0.00,37.4988
BEV,Tropicana,500ML,8310,TROP PR LICHI DELIT 500ML PET 24Rs40 PRO,24,40.00,37.4988,6.67,0.00,37.4988
BEV,Tropicana,500ML,8549,TROP PR MIX FRUIT DEL 500ML PET24 RS40NF,24,40.00,37.5000,6.67,0.00,37.5000
BEV,Tropicana,500ML,8552,TROP PR MIX FRUIT DEL 500 ML PET 24 RS30,24,30.00,27.5000,9.09,0.00,27.5000
BEV,Tropicana,600ml,3375,TROP SLICE ALPHONSO 600ml PET 24 Rs50,24,50.00,45.0000,11.11,0.00,45.0000

